date,week,site,surveyor,buddy,weather,visibility,treatment,plot_position,start_time,end_time,start_tide,end_tide,top_depth,middle_depth,bottom_depth,length,circumference
01-13-2025,0,jug_island,shelby_connelly,hannah_schriber,cloudy,4,control,right,10:47,11:14,3.77,3.64,NA,9,NA,31,22
01-13-2025,0,jug_island,shelby_connelly,hannah_schriber,cloudy,4,control,right,10:47,11:14,3.77,3.64,NA,9,NA,26,19
01-13-2025,0,jug_island,shelby_connelly,hannah_schriber,cloudy,4,control,right,10:47,11:14,3.77,3.64,NA,9,NA,29,20
01-13-2025,0,jug_island,shelby_connelly,hannah_schriber,cloudy,4,control,right,10:47,11:14,3.77,3.64,NA,9,NA,31,28
01-13-2025,0,jug_island,shelby_connelly,hannah_schriber,cloudy,4,control,right,10:47,11:14,3.77,3.64,NA,9,NA,23,22
01-13-2025,0,jug_island,claire_attridge,em_lim,cloudy,4,removal,left,10:55,11:01,3.74,3.72,NA,7.5,NA,30,22
01-13-2025,0,jug_island,claire_attridge,em_lim,cloudy,4,addition,center,11:04,11:12,3.7,3.65,NA,7.2,NA,28,19
01-13-2025,0,twin_islands,shelby_connelly,hannah_schriber,cloudy,4,removal,left,12:46,13:06,3.36,3.37,NA,6.8,NA,35,22
01-13-2025,0,twin_islands,shelby_connelly,hannah_schriber,cloudy,4,removal,left,12:46,13:06,3.36,3.37,NA,6.8,NA,33,19
01-15-2025,0,north_croker_island,shelby_connelly,hannah_schriber,sunny,6,control,right,10:14,10:41,4.34,4.16,NA,6,NA,23,23
01-15-2025,0,north_croker_island,shelby_connelly,hannah_schriber,sunny,6,control,right,10:14,10:41,4.34,4.16,NA,6,NA,17,23
01-15-2025,0,north_croker_island,shelby_connelly,hannah_schriber,sunny,6,control,right,10:14,10:41,4.34,4.16,NA,6,NA,20,23
01-15-2025,0,north_croker_island,shelby_connelly,hannah_schriber,sunny,6,control,right,10:14,10:41,4.34,4.16,NA,6,NA,28,19
01-15-2025,0,north_croker_island,shelby_connelly,hannah_schriber,sunny,6,control,right,10:14,10:41,4.34,4.16,NA,6,NA,27,25
01-15-2025,0,north_croker_island,shelby_connelly,hannah_schriber,sunny,6,control,right,10:14,10:41,4.34,4.16,NA,6,NA,22,21
01-15-2025,0,north_croker_island,claire_attridge,em_lim,sunny,6,addition,left,10:45,10:58,4.13,4.05,NA,7.7,NA,30,25
01-15-2025,0,north_croker_island,claire_attridge,em_lim,sunny,6,addition,left,10:45,10:58,4.13,4.05,NA,7.7,NA,27,20
01-15-2025,0,north_croker_island,claire_attridge,em_lim,sunny,6,addition,left,10:45,10:58,4.13,4.05,NA,7.7,NA,26,25
01-15-2025,0,north_croker_island,claire_attridge,em_lim,sunny,6,addition,left,10:45,10:58,4.13,4.05,NA,7.7,NA,25,21
01-15-2025,0,north_croker_island,claire_attridge,em_lim,sunny,6,addition,left,10:45,10:58,4.13,4.05,NA,7.7,NA,22,25
01-15-2025,0,north_croker_island,claire_attridge,em_lim,sunny,6,addition,left,10:45,10:58,4.13,4.05,NA,7.7,NA,26,20
01-15-2025,0,north_croker_island,claire_attridge,em_lim,sunny,6,addition,left,10:45,10:58,4.13,4.05,NA,7.7,NA,26,20
01-15-2025,0,north_croker_island,claire_attridge,em_lim,sunny,6,addition,left,10:45,10:58,4.13,4.05,NA,7.7,NA,23,22
01-15-2025,0,north_croker_island,claire_attridge,em_lim,sunny,6,addition,left,10:45,10:58,4.13,4.05,NA,7.7,NA,29,21
01-15-2025,0,north_croker_island,claire_attridge,em_lim,sunny,6,addition,left,10:45,10:58,4.13,4.05,NA,7.7,NA,28,23
01-15-2025,0,north_croker_island,claire_attridge,em_lim,sunny,6,addition,left,10:45,10:58,4.13,4.05,NA,7.7,NA,23,14
01-15-2025,0,north_croker_island,claire_attridge,em_lim,sunny,6,addition,left,10:45,10:58,4.13,4.05,NA,7.7,NA,25,18
01-15-2025,0,north_croker_island,claire_attridge,em_lim,sunny,6,addition,left,10:45,10:58,4.13,4.05,NA,7.7,NA,26,19
01-15-2025,0,north_croker_island,claire_attridge,em_lim,sunny,6,addition,left,10:45,10:58,4.13,4.05,NA,7.7,NA,24,20
01-15-2025,0,north_croker_island,claire_attridge,em_lim,sunny,6,removal,center,10:25,10:43,4.26,4.15,NA,7.5,NA,27,20
01-15-2025,0,north_croker_island,claire_attridge,em_lim,sunny,6,removal,center,10:25,10:43,4.26,4.15,NA,7.5,NA,23,18
01-15-2025,0,north_croker_island,claire_attridge,em_lim,sunny,6,removal,center,10:25,10:43,4.26,4.15,NA,7.5,NA,30,20
01-15-2025,0,north_croker_island,claire_attridge,em_lim,sunny,6,removal,center,10:25,10:43,4.26,4.15,NA,7.5,NA,22,19
01-15-2025,0,north_croker_island,claire_attridge,em_lim,sunny,6,removal,center,10:25,10:43,4.26,4.15,NA,7.5,NA,21,24
01-15-2025,0,north_croker_island,claire_attridge,em_lim,sunny,6,removal,center,10:25,10:43,4.26,4.15,NA,7.5,NA,26,29
01-15-2025,0,north_croker_island,claire_attridge,em_lim,sunny,6,removal,center,10:25,10:43,4.26,4.15,NA,7.5,NA,21,24
01-15-2025,0,north_croker_island,claire_attridge,em_lim,sunny,6,removal,center,10:25,10:43,4.26,4.15,NA,7.5,NA,24,22
01-15-2025,0,north_croker_island,claire_attridge,em_lim,sunny,6,removal,center,10:25,10:43,4.26,4.15,NA,7.5,NA,23,21
01-15-2025,0,north_croker_island,claire_attridge,em_lim,sunny,6,removal,center,10:25,10:43,4.26,4.15,NA,7.5,NA,20,18
01-15-2025,0,north_croker_island,claire_attridge,em_lim,sunny,6,removal,center,10:25,10:43,4.26,4.15,NA,7.5,NA,23,20
01-15-2025,0,north_croker_island,claire_attridge,em_lim,sunny,6,removal,center,10:25,10:43,4.26,4.15,NA,7.5,NA,19,18
01-15-2025,0,north_croker_island,claire_attridge,em_lim,sunny,6,removal,center,10:25,10:43,4.26,4.15,NA,7.5,NA,24,22
01-15-2025,0,north_croker_island,claire_attridge,em_lim,sunny,6,removal,center,10:25,10:43,4.26,4.15,NA,7.5,NA,26,31
01-15-2025,0,north_croker_island,claire_attridge,em_lim,sunny,6,removal,center,10:25,10:43,4.26,4.15,NA,7.5,NA,20,21
01-15-2025,0,north_croker_island,claire_attridge,em_lim,sunny,6,removal,center,10:25,10:43,4.26,4.15,NA,7.5,NA,21,21
01-15-2025,0,north_croker_island,claire_attridge,em_lim,sunny,6,removal,center,10:25,10:43,4.26,4.15,NA,7.5,NA,26,26
01-15-2025,0,north_croker_island,claire_attridge,em_lim,sunny,6,removal,center,10:25,10:43,4.26,4.15,NA,7.5,NA,30,23
01-15-2025,0,north_croker_island,claire_attridge,em_lim,sunny,6,removal,center,10:25,10:43,4.26,4.15,NA,7.5,NA,28,21
01-15-2025,0,south_croker_island,shelby_connelly,hannah_schriber,sunny,6,control,center,12:23,12:51,3.54,3.36,NA,8.4,NA,23,17
01-15-2025,0,south_croker_island,shelby_connelly,hannah_schriber,sunny,6,control,center,12:23,12:51,3.54,3.36,NA,8.4,NA,26,19
01-15-2025,0,south_croker_island,shelby_connelly,hannah_schriber,sunny,6,control,center,12:23,12:51,3.54,3.36,NA,8.4,NA,21,20
01-15-2025,0,south_croker_island,shelby_connelly,hannah_schriber,sunny,6,control,center,12:23,12:51,3.54,3.36,NA,8.4,NA,21,19
01-15-2025,0,south_croker_island,shelby_connelly,hannah_schriber,sunny,6,control,center,12:23,12:51,3.54,3.36,NA,8.4,NA,20,16
01-15-2025,0,south_croker_island,shelby_connelly,hannah_schriber,sunny,6,control,center,12:23,12:51,3.54,3.36,NA,8.4,NA,17,20
01-15-2025,0,south_croker_island,shelby_connelly,hannah_schriber,sunny,6,control,center,12:23,12:51,3.54,3.36,NA,8.4,NA,24,23
01-15-2025,0,south_croker_island,shelby_connelly,hannah_schriber,sunny,6,control,center,12:23,12:51,3.54,3.36,NA,8.4,NA,23,21
01-15-2025,0,south_croker_island,shelby_connelly,hannah_schriber,sunny,6,control,center,12:23,12:51,3.54,3.36,NA,8.4,NA,25,18
01-15-2025,0,south_croker_island,shelby_connelly,hannah_schriber,sunny,6,control,center,12:23,12:51,3.54,3.36,NA,8.4,NA,29,18
01-15-2025,0,south_croker_island,shelby_connelly,hannah_schriber,sunny,6,control,center,12:23,12:51,3.54,3.36,NA,8.4,NA,20,23
01-15-2025,0,south_croker_island,shelby_connelly,hannah_schriber,sunny,6,control,center,12:23,12:51,3.54,3.36,NA,8.4,NA,21,20
01-15-2025,0,south_croker_island,shelby_connelly,hannah_schriber,sunny,6,control,center,12:23,12:51,3.54,3.36,NA,8.4,NA,28,18
01-15-2025,0,south_croker_island,shelby_connelly,hannah_schriber,sunny,6,control,center,12:23,12:51,3.54,3.36,NA,8.4,NA,33,19
01-15-2025,0,south_croker_island,shelby_connelly,hannah_schriber,sunny,6,control,center,12:23,12:51,3.54,3.36,NA,8.4,NA,22,25
01-15-2025,0,south_croker_island,shelby_connelly,hannah_schriber,sunny,6,control,center,12:23,12:51,3.54,3.36,NA,8.4,NA,17,15
01-15-2025,0,south_croker_island,shelby_connelly,hannah_schriber,sunny,6,control,center,12:23,12:51,3.54,3.36,NA,8.4,NA,23,20
01-15-2025,0,south_croker_island,shelby_connelly,hannah_schriber,sunny,6,control,center,12:23,12:51,3.54,3.36,NA,8.4,NA,33,22
01-15-2025,0,south_croker_island,shelby_connelly,hannah_schriber,sunny,6,control,center,12:23,12:51,3.54,3.36,NA,8.4,NA,26,22
01-15-2025,0,south_croker_island,shelby_connelly,hannah_schriber,sunny,6,control,center,12:23,12:51,3.54,3.36,NA,8.4,NA,23,18
01-15-2025,0,south_croker_island,shelby_connelly,hannah_schriber,sunny,6,control,center,12:23,12:51,3.54,3.36,NA,8.4,NA,30,21
01-15-2025,0,south_croker_island,shelby_connelly,hannah_schriber,sunny,6,control,center,12:23,12:51,3.54,3.36,NA,8.4,NA,27,18
01-15-2025,0,south_croker_island,shelby_connelly,hannah_schriber,sunny,6,control,center,12:23,12:51,3.54,3.36,NA,8.4,NA,19,23
01-15-2025,0,south_croker_island,shelby_connelly,hannah_schriber,sunny,6,control,center,12:23,12:51,3.54,3.36,NA,8.4,NA,19,14
01-15-2025,0,south_croker_island,shelby_connelly,hannah_schriber,sunny,6,control,center,12:23,12:51,3.54,3.36,NA,8.4,NA,25,19
01-15-2025,0,south_croker_island,shelby_connelly,hannah_schriber,sunny,6,control,center,12:23,12:51,3.54,3.36,NA,8.4,NA,19,22
01-15-2025,0,south_croker_island,shelby_connelly,hannah_schriber,sunny,6,control,center,12:23,12:51,3.54,3.36,NA,8.4,NA,18,18
01-15-2025,0,south_croker_island,shelby_connelly,hannah_schriber,sunny,6,control,center,12:23,12:51,3.54,3.36,NA,8.4,NA,30,18
01-15-2025,0,south_croker_island,shelby_connelly,hannah_schriber,sunny,6,control,center,12:23,12:51,3.54,3.36,NA,8.4,NA,27,20
01-15-2025,0,south_croker_island,shelby_connelly,hannah_schriber,sunny,6,control,center,12:23,12:51,3.54,3.36,NA,8.4,NA,28,20
01-15-2025,0,south_croker_island,shelby_connelly,hannah_schriber,sunny,6,control,center,12:23,12:51,3.54,3.36,NA,8.4,NA,11,20
01-15-2025,0,south_croker_island,shelby_connelly,hannah_schriber,sunny,6,control,center,12:23,12:51,3.54,3.36,NA,8.4,NA,23,18
01-15-2025,0,south_croker_island,shelby_connelly,hannah_schriber,sunny,6,control,center,12:23,12:51,3.54,3.36,NA,8.4,NA,29,20
01-15-2025,0,south_croker_island,shelby_connelly,hannah_schriber,sunny,6,control,center,12:23,12:51,3.54,3.36,NA,8.4,NA,19,21
01-15-2025,0,south_croker_island,shelby_connelly,hannah_schriber,sunny,6,control,center,12:23,12:51,3.54,3.36,NA,8.4,NA,19,18
01-15-2025,0,south_croker_island,shelby_connelly,hannah_schriber,sunny,6,control,center,12:23,12:51,3.54,3.36,NA,8.4,NA,25,20
01-15-2025,0,south_croker_island,shelby_connelly,hannah_schriber,sunny,6,control,center,12:23,12:51,3.54,3.36,NA,8.4,NA,18,20
01-15-2025,0,south_croker_island,shelby_connelly,hannah_schriber,sunny,6,control,center,12:23,12:51,3.54,3.36,NA,8.4,NA,28,19
01-15-2025,0,south_croker_island,shelby_connelly,hannah_schriber,sunny,6,control,center,12:23,12:51,3.54,3.36,NA,8.4,NA,18,17
01-15-2025,0,south_croker_island,claire_attridge,em_lim,sunny,6,addition,left,12:42,12:56,3.42,3.34,NA,7.9,NA,22,22
01-15-2025,0,south_croker_island,claire_attridge,em_lim,sunny,6,addition,left,12:42,12:56,3.42,3.34,NA,7.9,NA,21,19
01-15-2025,0,south_croker_island,claire_attridge,em_lim,sunny,6,addition,left,12:42,12:56,3.42,3.34,NA,7.9,NA,24,23
01-15-2025,0,south_croker_island,claire_attridge,em_lim,sunny,6,addition,left,12:42,12:56,3.42,3.34,NA,7.9,NA,25,16
01-15-2025,0,south_croker_island,claire_attridge,em_lim,sunny,6,addition,left,12:42,12:56,3.42,3.34,NA,7.9,NA,24,18
01-15-2025,0,south_croker_island,claire_attridge,em_lim,sunny,6,addition,left,12:42,12:56,3.42,3.34,NA,7.9,NA,19,19
01-15-2025,0,south_croker_island,claire_attridge,em_lim,sunny,6,addition,left,12:42,12:56,3.42,3.34,NA,7.9,NA,23,20
01-15-2025,0,south_croker_island,claire_attridge,em_lim,sunny,6,addition,left,12:42,12:56,3.42,3.34,NA,7.9,NA,23,21
01-15-2025,0,south_croker_island,claire_attridge,em_lim,sunny,6,addition,left,12:42,12:56,3.42,3.34,NA,7.9,NA,18,20
01-15-2025,0,south_croker_island,claire_attridge,em_lim,sunny,6,removal,right,12:28,12:39,3.5,3.44,NA,8.4,NA,22,21
01-15-2025,0,south_croker_island,claire_attridge,em_lim,sunny,6,removal,right,12:28,12:39,3.5,3.44,NA,8.4,NA,18,22
01-15-2025,0,south_croker_island,claire_attridge,em_lim,sunny,6,removal,right,12:28,12:39,3.5,3.44,NA,8.4,NA,18,17
01-15-2025,0,south_croker_island,claire_attridge,em_lim,sunny,6,removal,right,12:28,12:39,3.5,3.44,NA,8.4,NA,26,14
01-15-2025,0,south_croker_island,claire_attridge,em_lim,sunny,6,removal,right,12:28,12:39,3.5,3.44,NA,8.4,NA,21,18
01-15-2025,0,south_croker_island,claire_attridge,em_lim,sunny,6,removal,right,12:28,12:39,3.5,3.44,NA,8.4,NA,23,18
01-15-2025,0,south_croker_island,claire_attridge,em_lim,sunny,6,removal,right,12:28,12:39,3.5,3.44,NA,8.4,NA,21,19
01-15-2025,0,south_croker_island,claire_attridge,em_lim,sunny,6,removal,right,12:28,12:39,3.5,3.44,NA,8.4,NA,23,20
01-15-2025,0,south_croker_island,claire_attridge,em_lim,sunny,6,removal,right,12:28,12:39,3.5,3.44,NA,8.4,NA,24,24
01-15-2025,0,south_croker_island,claire_attridge,em_lim,sunny,6,removal,right,12:28,12:39,3.5,3.44,NA,8.4,NA,20,23
01-15-2025,0,south_croker_island,claire_attridge,em_lim,sunny,6,removal,right,12:28,12:39,3.5,3.44,NA,8.4,NA,21,16
01-15-2025,0,south_johnson_bay,hannah_schriber,shelby_connelly,sunny,6,control,right,14:15,14:39,3.08,3.1,NA,10.1,NA,28,21
01-15-2025,0,south_johnson_bay,hannah_schriber,shelby_connelly,sunny,6,control,right,14:15,14:39,3.08,3.1,NA,10.1,NA,21,24
01-15-2025,0,south_johnson_bay,hannah_schriber,shelby_connelly,sunny,6,control,right,14:15,14:39,3.08,3.1,NA,10.1,NA,20,21
01-15-2025,0,south_johnson_bay,hannah_schriber,shelby_connelly,sunny,6,control,right,14:15,14:39,3.08,3.1,NA,10.1,NA,21,18
01-15-2025,0,south_johnson_bay,em_lim,claire_attridge,sunny,6,removal,left,14:32,14:44,3.09,3.11,NA,7.5,NA,19,22
01-15-2025,0,south_johnson_bay,em_lim,claire_attridge,sunny,6,removal,left,14:32,14:44,3.09,3.11,NA,7.5,NA,23,16
01-15-2025,0,south_johnson_bay,em_lim,claire_attridge,sunny,6,removal,left,14:32,14:44,3.09,3.11,NA,7.5,NA,21,20
01-15-2025,0,south_johnson_bay,em_lim,claire_attridge,sunny,6,removal,left,14:32,14:44,3.09,3.11,NA,7.5,NA,23,18
01-15-2025,0,south_johnson_bay,em_lim,claire_attridge,sunny,6,removal,left,14:32,14:44,3.09,3.11,NA,7.5,NA,22,15
01-15-2025,0,south_johnson_bay,em_lim,claire_attridge,sunny,6,removal,left,14:32,14:44,3.09,3.11,NA,7.5,NA,25,18
01-15-2025,0,south_johnson_bay,em_lim,claire_attridge,sunny,6,removal,left,14:32,14:44,3.09,3.11,NA,7.5,NA,21,19
01-15-2025,0,south_johnson_bay,em_lim,claire_attridge,sunny,6,removal,left,14:32,14:44,3.09,3.11,NA,7.5,NA,15,18
01-15-2025,0,south_johnson_bay,em_lim,claire_attridge,sunny,6,removal,left,14:32,14:44,3.09,3.11,NA,7.5,NA,20,18
01-15-2025,0,south_johnson_bay,em_lim,claire_attridge,sunny,6,removal,left,14:32,14:44,3.09,3.11,NA,7.5,NA,25,23
01-15-2025,0,south_johnson_bay,em_lim,claire_attridge,sunny,6,removal,left,14:32,14:44,3.09,3.11,NA,7.5,NA,23,15
01-15-2025,0,south_johnson_bay,em_lim,claire_attridge,sunny,6,removal,left,14:32,14:44,3.09,3.11,NA,7.5,NA,20,16
01-15-2025,0,south_johnson_bay,em_lim,claire_attridge,sunny,6,removal,left,14:32,14:44,3.09,3.11,NA,7.5,NA,18,20
01-15-2025,0,south_johnson_bay,em_lim,claire_attridge,sunny,6,addition,center,14:46,14:51,3.11,3.12,NA,9.2,NA,17,15
01-15-2025,0,south_johnson_bay,em_lim,claire_attridge,sunny,6,addition,center,14:46,14:51,3.11,3.12,NA,9.2,NA,19,20
01-18-2025,0,best_point,shelby_connelly,sandra_jaskowiak,sunny,5,control,left,11:53,12:07,4.09,4,NA,6,NA,27,23
01-18-2025,0,best_point,shelby_connelly,sandra_jaskowiak,sunny,5,control,left,11:53,12:07,4.09,4,NA,6,NA,26,21
01-18-2025,0,best_point,shelby_connelly,sandra_jaskowiak,sunny,5,control,left,11:53,12:07,4.09,4,NA,6,NA,28,22
01-18-2025,0,best_point,shelby_connelly,sandra_jaskowiak,sunny,5,control,left,11:53,12:07,4.09,4,NA,6,NA,17,20
01-18-2025,0,best_point,shelby_connelly,sandra_jaskowiak,sunny,5,control,left,11:53,12:07,4.09,4,NA,6,NA,27,18
01-18-2025,0,best_point,shelby_connelly,sandra_jaskowiak,sunny,5,control,left,11:53,12:07,4.09,4,NA,6,NA,21,17
01-18-2025,0,best_point,shelby_connelly,sandra_jaskowiak,sunny,5,control,left,11:53,12:07,4.09,4,NA,6,NA,27,23
01-18-2025,0,best_point,shelby_connelly,sandra_jaskowiak,sunny,5,control,left,11:53,12:07,4.09,4,NA,6,NA,21,24
01-18-2025,0,best_point,shelby_connelly,sandra_jaskowiak,sunny,5,control,left,11:53,12:07,4.09,4,NA,6,NA,20,22
01-18-2025,0,best_point,shelby_connelly,sandra_jaskowiak,sunny,5,control,left,11:53,12:07,4.09,4,NA,6,NA,28,20
01-18-2025,0,best_point,claire_attridge,nicole_yang,sunny,5,addition,right,11:54,12:00,4.08,4.05,NA,5,NA,20,14
01-18-2025,0,best_point,claire_attridge,nicole_yang,sunny,5,addition,right,11:54,12:00,4.08,4.05,NA,5,NA,25,19
01-18-2025,0,best_point,claire_attridge,nicole_yang,sunny,5,removal,center,12:03,12:10,4.03,3.98,NA,6.2,NA,24,16
01-18-2025,0,best_point,claire_attridge,nicole_yang,sunny,5,removal,center,12:03,12:10,4.03,3.98,NA,6.2,NA,21,20
01-18-2025,0,best_point,claire_attridge,nicole_yang,sunny,5,removal,center,12:03,12:10,4.03,3.98,NA,6.2,NA,26,21
01-18-2025,0,best_point,claire_attridge,nicole_yang,sunny,5,removal,center,12:03,12:10,4.03,3.98,NA,6.2,NA,27,19
01-18-2025,0,best_point,claire_attridge,nicole_yang,sunny,5,removal,center,12:03,12:10,4.03,3.98,NA,6.2,NA,15,15
01-18-2025,0,best_point,claire_attridge,nicole_yang,sunny,5,removal,center,12:03,12:10,4.03,3.98,NA,6.2,NA,33,31
01-18-2025,0,best_point,claire_attridge,nicole_yang,sunny,5,removal,center,12:03,12:10,4.03,3.98,NA,6.2,NA,25,18
01-18-2025,0,best_point,claire_attridge,nicole_yang,sunny,5,removal,center,12:03,12:10,4.03,3.98,NA,6.2,NA,26,19
01-18-2025,0,old_buntzen_power_plant,claire_attridge,nicole_yang,sunny,4,addition,center,14:12,14:26,3.12,3.01,NA,5.4,NA,22,22
01-18-2025,0,old_buntzen_power_plant,claire_attridge,nicole_yang,sunny,4,addition,center,14:12,14:26,3.12,3.01,NA,5.4,NA,30,19
01-18-2025,0,old_buntzen_power_plant,claire_attridge,nicole_yang,sunny,4,addition,center,14:12,14:26,3.12,3.01,NA,5.4,NA,30,23
01-18-2025,0,old_buntzen_power_plant,claire_attridge,nicole_yang,sunny,4,addition,center,14:12,14:26,3.12,3.01,NA,5.4,NA,20,23
01-18-2025,0,old_buntzen_power_plant,claire_attridge,nicole_yang,sunny,4,addition,center,14:12,14:26,3.12,3.01,NA,5.4,NA,21,20
01-18-2025,0,old_buntzen_power_plant,claire_attridge,nicole_yang,sunny,4,removal,right,13:54,14:07,3.26,3.16,NA,6.2,NA,27,18
01-18-2025,0,old_buntzen_power_plant,claire_attridge,nicole_yang,sunny,4,removal,right,13:54,14:07,3.26,3.16,NA,6.2,NA,26,20
01-18-2025,0,old_buntzen_power_plant,claire_attridge,nicole_yang,sunny,4,removal,right,13:54,14:07,3.26,3.16,NA,6.2,NA,25,22
01-18-2025,0,brighton_beach,shelby_connelly,sandra_jaskowiak,sunny,4,control,center,15:40,15:54,2.52,2.45,NA,7.2,NA,25,21
01-18-2025,0,brighton_beach,shelby_connelly,sandra_jaskowiak,sunny,4,control,center,15:40,15:54,2.52,2.45,NA,7.2,NA,29,20
01-18-2025,0,brighton_beach,claire_attridge,nicole_yang,sunny,4,removal,left,16:00,16:12,2.42,2.38,NA,5.8,NA,26,22
01-18-2025,0,brighton_beach,claire_attridge,nicole_yang,sunny,4,removal,left,16:00,16:12,2.42,2.38,NA,5.8,NA,20,20
01-18-2025,0,brighton_beach,claire_attridge,nicole_yang,sunny,4,removal,left,16:00,16:12,2.42,2.38,NA,5.8,NA,27,21
01-18-2025,0,brighton_beach,claire_attridge,nicole_yang,sunny,4,removal,left,16:00,16:12,2.42,2.38,NA,5.8,NA,26,19
01-18-2025,0,brighton_beach,claire_attridge,nicole_yang,sunny,4,removal,left,16:00,16:12,2.42,2.38,NA,5.8,NA,28,20
01-18-2025,0,brighton_beach,claire_attridge,nicole_yang,sunny,4,removal,left,16:00,16:12,2.42,2.38,NA,5.8,NA,24,22
01-18-2025,0,brighton_beach,claire_attridge,nicole_yang,sunny,4,removal,left,16:00,16:12,2.42,2.38,NA,5.8,NA,32,21
01-18-2025,0,brighton_beach,claire_attridge,nicole_yang,sunny,4,removal,left,16:00,16:12,2.42,2.38,NA,5.8,NA,24,21
01-18-2025,0,brighton_beach,claire_attridge,nicole_yang,sunny,4,addition,right,16:18,16:28,2.37,2.35,NA,5.5,NA,26,22
01-18-2025,0,brighton_beach,claire_attridge,nicole_yang,sunny,4,addition,right,16:18,16:28,2.37,2.35,NA,5.5,NA,20,24
01-18-2025,0,brighton_beach,claire_attridge,nicole_yang,sunny,4,addition,right,16:18,16:28,2.37,2.35,NA,5.5,NA,24,23
01-20-2025,1,jug_island,shelby_connelly,claire_attridge,sunny,4,addition,center,14:06,14:14,3.36,3.29,5.4,7.2,8.7,34,20
01-20-2025,1,jug_island,shelby_connelly,claire_attridge,sunny,4,addition,center,14:06,14:14,3.36,3.29,5.4,7.2,8.7,34,26
01-20-2025,1,jug_island,shelby_connelly,claire_attridge,sunny,4,addition,center,14:06,14:14,3.36,3.29,5.4,7.2,8.7,32,20
01-20-2025,1,jug_island,shelby_connelly,claire_attridge,sunny,4,addition,center,14:06,14:14,3.36,3.29,5.4,7.2,8.7,33,20
01-20-2025,1,jug_island,shelby_connelly,claire_attridge,sunny,4,addition,center,14:06,14:14,3.36,3.29,5.4,7.2,8.7,31,22
01-20-2025,1,jug_island,shelby_connelly,claire_attridge,sunny,4,addition,center,14:06,14:14,3.36,3.29,5.4,7.2,8.7,25,22
01-20-2025,1,jug_island,shelby_connelly,claire_attridge,sunny,4,addition,center,14:06,14:14,3.36,3.29,5.4,7.2,8.7,32,24
01-20-2025,1,jug_island,shelby_connelly,claire_attridge,sunny,4,control,right,14:19,14:30,3.25,3.16,7.3,8.7,10.1,35,21
01-20-2025,1,jug_island,shelby_connelly,claire_attridge,sunny,4,control,right,14:19,14:30,3.25,3.16,7.3,8.7,10.1,25,21
01-22-2025,1,north_croker_island,shelby_connelly,hannah_schriber,sunny,6,addition,left,10:39,10:52,3.92,3.96,8,8.8,9.6,33,31
01-22-2025,1,north_croker_island,shelby_connelly,hannah_schriber,sunny,6,addition,left,10:39,10:52,3.92,3.96,8,8.8,9.6,32,18
01-22-2025,1,north_croker_island,shelby_connelly,hannah_schriber,sunny,6,addition,left,10:39,10:52,3.92,3.96,8,8.8,9.6,28,18
01-22-2025,1,north_croker_island,shelby_connelly,hannah_schriber,sunny,6,addition,left,10:39,10:52,3.92,3.96,8,8.8,9.6,29,21
01-22-2025,1,north_croker_island,shelby_connelly,hannah_schriber,sunny,6,addition,left,10:39,10:52,3.92,3.96,8,8.8,9.6,30,19
01-22-2025,1,north_croker_island,shelby_connelly,hannah_schriber,sunny,6,addition,left,10:39,10:52,3.92,3.96,8,8.8,9.6,23,21
01-22-2025,1,north_croker_island,shelby_connelly,hannah_schriber,sunny,6,addition,left,10:39,10:52,3.92,3.96,8,8.8,9.6,20,22
01-22-2025,1,north_croker_island,shelby_connelly,hannah_schriber,sunny,6,addition,left,10:39,10:52,3.92,3.96,8,8.8,9.6,25,15
01-22-2025,1,north_croker_island,shelby_connelly,hannah_schriber,sunny,6,addition,left,10:39,10:52,3.92,3.96,8,8.8,9.6,25,17
01-22-2025,1,north_croker_island,shelby_connelly,hannah_schriber,sunny,6,addition,left,10:39,10:52,3.92,3.96,8,8.8,9.6,28,24
01-22-2025,1,north_croker_island,shelby_connelly,hannah_schriber,sunny,6,removal,center,10:23,10:35,3.85,3.91,5.9,7.1,8.2,40,25
01-22-2025,1,north_croker_island,shelby_connelly,hannah_schriber,sunny,6,removal,center,10:23,10:35,3.85,3.91,5.9,7.1,8.2,27,25
01-22-2025,1,north_croker_island,shelby_connelly,hannah_schriber,sunny,6,removal,center,10:23,10:35,3.85,3.91,5.9,7.1,8.2,27,15
01-22-2025,1,north_croker_island,shelby_connelly,hannah_schriber,sunny,6,removal,center,10:23,10:35,3.85,3.91,5.9,7.1,8.2,30,22
01-22-2025,1,north_croker_island,shelby_connelly,hannah_schriber,sunny,6,removal,center,10:23,10:35,3.85,3.91,5.9,7.1,8.2,31,19
01-22-2025,1,north_croker_island,shelby_connelly,hannah_schriber,sunny,6,control,right,10:10,10:20,3.81,3.84,6.2,7.6,8,28,19
01-22-2025,1,south_croker_island,hannah_schriber,shelby_connelly,sunny,6,addition,left,11:40,11:55,4.05,4.04,5.7,7.8,9.6,29,22
01-22-2025,1,south_croker_island,hannah_schriber,shelby_connelly,sunny,6,addition,left,11:40,11:55,4.05,4.04,5.7,7.8,9.6,32,17
01-22-2025,1,south_croker_island,hannah_schriber,shelby_connelly,sunny,6,addition,left,11:40,11:55,4.05,4.04,5.7,7.8,9.6,19,26
01-22-2025,1,south_croker_island,hannah_schriber,shelby_connelly,sunny,6,addition,left,11:40,11:55,4.05,4.04,5.7,7.8,9.6,17,21
01-22-2025,1,south_croker_island,hannah_schriber,shelby_connelly,sunny,6,addition,left,11:40,11:55,4.05,4.04,5.7,7.8,9.6,16,26
01-22-2025,1,south_croker_island,hannah_schriber,shelby_connelly,sunny,6,addition,left,11:40,11:55,4.05,4.04,5.7,7.8,9.6,20,24
01-22-2025,1,south_croker_island,hannah_schriber,shelby_connelly,sunny,6,addition,left,11:40,11:55,4.05,4.04,5.7,7.8,9.6,17,21
01-22-2025,1,south_croker_island,hannah_schriber,shelby_connelly,sunny,6,addition,left,11:40,11:55,4.05,4.04,5.7,7.8,9.6,19,19
01-22-2025,1,south_croker_island,hannah_schriber,shelby_connelly,sunny,6,addition,left,11:40,11:55,4.05,4.04,5.7,7.8,9.6,19,20
01-22-2025,1,south_croker_island,hannah_schriber,shelby_connelly,sunny,6,addition,left,11:40,11:55,4.05,4.04,5.7,7.8,9.6,15,20
01-22-2025,1,south_croker_island,hannah_schriber,shelby_connelly,sunny,6,addition,left,11:40,11:55,4.05,4.04,5.7,7.8,9.6,21,26
01-22-2025,1,south_croker_island,hannah_schriber,shelby_connelly,sunny,6,addition,left,11:40,11:55,4.05,4.04,5.7,7.8,9.6,19,22
01-22-2025,1,south_croker_island,hannah_schriber,shelby_connelly,sunny,6,addition,left,11:40,11:55,4.05,4.04,5.7,7.8,9.6,20,22
01-22-2025,1,south_croker_island,hannah_schriber,shelby_connelly,sunny,6,addition,left,11:40,11:55,4.05,4.04,5.7,7.8,9.6,21,17
01-22-2025,1,south_croker_island,hannah_schriber,shelby_connelly,sunny,6,addition,left,11:40,11:55,4.05,4.04,5.7,7.8,9.6,21,20
01-22-2025,1,south_croker_island,hannah_schriber,shelby_connelly,sunny,6,addition,left,11:40,11:55,4.05,4.04,5.7,7.8,9.6,27,23
01-22-2025,1,south_croker_island,hannah_schriber,shelby_connelly,sunny,6,control,center,11:59,12:10,4.03,4.01,7.6,9.4,11.5,19,21
01-22-2025,1,south_croker_island,hannah_schriber,shelby_connelly,sunny,6,control,center,11:59,12:10,4.03,4.01,7.6,9.4,11.5,19,21
01-22-2025,1,south_croker_island,hannah_schriber,shelby_connelly,sunny,6,control,center,11:59,12:10,4.03,4.01,7.6,9.4,11.5,18,21
01-22-2025,1,south_croker_island,hannah_schriber,shelby_connelly,sunny,6,control,center,11:59,12:10,4.03,4.01,7.6,9.4,11.5,23,24
01-22-2025,1,south_croker_island,hannah_schriber,shelby_connelly,sunny,6,control,center,11:59,12:10,4.03,4.01,7.6,9.4,11.5,20,21
01-22-2025,1,south_croker_island,hannah_schriber,shelby_connelly,sunny,6,control,center,11:59,12:10,4.03,4.01,7.6,9.4,11.5,18,20
01-22-2025,1,south_croker_island,hannah_schriber,shelby_connelly,sunny,6,control,center,11:59,12:10,4.03,4.01,7.6,9.4,11.5,19,21
01-22-2025,1,south_croker_island,hannah_schriber,shelby_connelly,sunny,6,control,center,11:59,12:10,4.03,4.01,7.6,9.4,11.5,15,20
01-22-2025,1,south_croker_island,hannah_schriber,shelby_connelly,sunny,6,control,center,11:59,12:10,4.03,4.01,7.6,9.4,11.5,22,20
01-22-2025,1,south_croker_island,hannah_schriber,shelby_connelly,sunny,6,control,center,11:59,12:10,4.03,4.01,7.6,9.4,11.5,21,20
01-22-2025,1,south_croker_island,hannah_schriber,shelby_connelly,sunny,6,control,center,11:59,12:10,4.03,4.01,7.6,9.4,11.5,21,18
01-22-2025,1,south_croker_island,hannah_schriber,shelby_connelly,sunny,6,control,center,11:59,12:10,4.03,4.01,7.6,9.4,11.5,18,23
01-22-2025,1,south_croker_island,hannah_schriber,shelby_connelly,sunny,6,control,center,11:59,12:10,4.03,4.01,7.6,9.4,11.5,22,21
01-22-2025,1,south_croker_island,hannah_schriber,shelby_connelly,sunny,6,control,center,11:59,12:10,4.03,4.01,7.6,9.4,11.5,14,18
01-22-2025,1,south_croker_island,hannah_schriber,shelby_connelly,sunny,6,control,center,11:59,12:10,4.03,4.01,7.6,9.4,11.5,24,18
01-22-2025,1,south_croker_island,hannah_schriber,shelby_connelly,sunny,6,control,center,11:59,12:10,4.03,4.01,7.6,9.4,11.5,20,18
01-22-2025,1,south_croker_island,hannah_schriber,shelby_connelly,sunny,6,control,center,11:59,12:10,4.03,4.01,7.6,9.4,11.5,22,21
01-22-2025,1,south_croker_island,hannah_schriber,shelby_connelly,sunny,6,control,center,11:59,12:10,4.03,4.01,7.6,9.4,11.5,19,21
01-22-2025,1,south_croker_island,hannah_schriber,shelby_connelly,sunny,6,control,center,11:59,12:10,4.03,4.01,7.6,9.4,11.5,19,22
01-22-2025,1,south_croker_island,hannah_schriber,shelby_connelly,sunny,6,control,center,11:59,12:10,4.03,4.01,7.6,9.4,11.5,15,22
01-22-2025,1,south_croker_island,hannah_schriber,shelby_connelly,sunny,6,removal,right,12:18,12:26,4,3.97,7.8,9.1,11.9,23,19
01-22-2025,1,south_croker_island,hannah_schriber,shelby_connelly,sunny,6,removal,right,12:18,12:26,4,3.97,7.8,9.1,11.9,24,22
01-22-2025,1,south_croker_island,hannah_schriber,shelby_connelly,sunny,6,removal,right,12:18,12:26,4,3.97,7.8,9.1,11.9,21,20
01-22-2025,1,south_croker_island,hannah_schriber,shelby_connelly,sunny,6,removal,right,12:18,12:26,4,3.97,7.8,9.1,11.9,29,24
01-22-2025,1,south_croker_island,hannah_schriber,shelby_connelly,sunny,6,removal,right,12:18,12:26,4,3.97,7.8,9.1,11.9,17,28
01-22-2025,1,south_croker_island,hannah_schriber,shelby_connelly,sunny,6,removal,right,12:18,12:26,4,3.97,7.8,9.1,11.9,20,22
01-22-2025,1,south_croker_island,hannah_schriber,shelby_connelly,sunny,6,removal,right,12:18,12:26,4,3.97,7.8,9.1,11.9,22,17
01-22-2025,1,south_croker_island,hannah_schriber,shelby_connelly,sunny,6,removal,right,12:18,12:26,4,3.97,7.8,9.1,11.9,21,21
01-22-2025,1,south_johnson_bay,hannah_schriber,shelby_connelly,sunny,6,removal,left,13:32,13:45,3.67,3.59,6.1,7.1,9.1,22,15
01-22-2025,1,south_johnson_bay,hannah_schriber,shelby_connelly,sunny,6,removal,left,13:32,13:45,3.67,3.59,6.1,7.1,9.1,22,14
01-22-2025,1,south_johnson_bay,hannah_schriber,shelby_connelly,sunny,6,removal,left,13:32,13:45,3.67,3.59,6.1,7.1,9.1,19,17
01-22-2025,1,south_johnson_bay,hannah_schriber,shelby_connelly,sunny,6,removal,left,13:32,13:45,3.67,3.59,6.1,7.1,9.1,19,20
01-22-2025,1,south_johnson_bay,hannah_schriber,shelby_connelly,sunny,6,removal,left,13:32,13:45,3.67,3.59,6.1,7.1,9.1,13,17
01-22-2025,1,south_johnson_bay,hannah_schriber,shelby_connelly,sunny,6,control,right,14:00,14:09,3.5,3.44,8.3,9.1,11.1,29,22
01-22-2025,1,south_johnson_bay,hannah_schriber,shelby_connelly,sunny,6,control,right,14:00,14:09,3.5,3.44,8.3,9.1,11.1,18,17
01-25-2025,1,best_point,shelby_connelly,sandra_jaskowiak,sunny,5,control,left,9:55,10:08,3.55,3.54,5.4,6.4,6.6,30,23
01-25-2025,1,best_point,shelby_connelly,sandra_jaskowiak,sunny,5,control,left,9:55,10:08,3.55,3.54,5.4,6.4,6.6,23,21
01-25-2025,1,best_point,shelby_connelly,sandra_jaskowiak,sunny,5,control,left,9:55,10:08,3.55,3.54,5.4,6.4,6.6,30,23
01-25-2025,1,best_point,shelby_connelly,sandra_jaskowiak,sunny,5,control,left,9:55,10:08,3.55,3.54,5.4,6.4,6.6,23,18
01-25-2025,1,best_point,shelby_connelly,sandra_jaskowiak,sunny,5,removal,center,10:11,10:27,3.54,3.56,5.8,7.4,8.4,23,18
01-25-2025,1,best_point,shelby_connelly,sandra_jaskowiak,sunny,5,removal,center,10:11,10:27,3.54,3.56,5.8,7.4,8.4,24,22
01-25-2025,1,best_point,shelby_connelly,sandra_jaskowiak,sunny,5,removal,center,10:11,10:27,3.54,3.56,5.8,7.4,8.4,28,20
01-25-2025,1,best_point,shelby_connelly,sandra_jaskowiak,sunny,5,removal,center,10:11,10:27,3.54,3.56,5.8,7.4,8.4,28,22
01-25-2025,1,best_point,shelby_connelly,sandra_jaskowiak,sunny,5,removal,center,10:11,10:27,3.54,3.56,5.8,7.4,8.4,33,20
01-25-2025,1,best_point,shelby_connelly,sandra_jaskowiak,sunny,5,removal,center,10:11,10:27,3.54,3.56,5.8,7.4,8.4,30,21
01-25-2025,1,best_point,shelby_connelly,sandra_jaskowiak,sunny,5,removal,center,10:11,10:27,3.54,3.56,5.8,7.4,8.4,29,17
01-25-2025,1,best_point,shelby_connelly,sandra_jaskowiak,sunny,5,removal,center,10:11,10:27,3.54,3.56,5.8,7.4,8.4,23,22
01-25-2025,1,best_point,shelby_connelly,sandra_jaskowiak,sunny,5,addition,right,10:35,10:48,3.55,3.57,4.3,5,5.7,32,20
01-25-2025,1,best_point,shelby_connelly,sandra_jaskowiak,sunny,5,addition,right,10:35,10:48,3.55,3.57,4.3,5,5.7,22,17
01-25-2025,1,best_point,shelby_connelly,sandra_jaskowiak,sunny,5,addition,right,10:35,10:48,3.55,3.57,4.3,5,5.7,22,19
01-25-2025,1,best_point,shelby_connelly,sandra_jaskowiak,sunny,5,addition,right,10:35,10:48,3.55,3.57,4.3,5,5.7,22,20
01-25-2025,1,best_point,shelby_connelly,sandra_jaskowiak,sunny,5,addition,right,10:35,10:48,3.55,3.57,4.3,5,5.7,19,22
01-25-2025,1,best_point,shelby_connelly,sandra_jaskowiak,sunny,5,addition,right,10:35,10:48,3.55,3.57,4.3,5,5.7,19,21
01-25-2025,1,best_point,shelby_connelly,sandra_jaskowiak,sunny,5,addition,right,10:35,10:48,3.55,3.57,4.3,5,5.7,21,24
01-25-2025,1,best_point,shelby_connelly,sandra_jaskowiak,sunny,5,addition,right,10:35,10:48,3.55,3.57,4.3,5,5.7,23,20
01-25-2025,1,old_buntzen_power_plant,shelby_connelly,sandra_jaskowiak,sunny,4,addition,center,11:58,12:17,3.75,3.77,5.7,7.4,8.1,23,24
01-25-2025,1,old_buntzen_power_plant,shelby_connelly,sandra_jaskowiak,sunny,4,addition,center,11:58,12:17,3.75,3.77,5.7,7.4,8.1,19,23
01-25-2025,1,old_buntzen_power_plant,shelby_connelly,sandra_jaskowiak,sunny,4,addition,center,11:58,12:17,3.75,3.77,5.7,7.4,8.1,23,21
01-25-2025,1,old_buntzen_power_plant,shelby_connelly,sandra_jaskowiak,sunny,4,addition,center,11:58,12:17,3.75,3.77,5.7,7.4,8.1,21,21
01-25-2025,1,old_buntzen_power_plant,shelby_connelly,sandra_jaskowiak,sunny,4,addition,center,11:58,12:17,3.75,3.77,5.7,7.4,8.1,16,16
01-25-2025,1,old_buntzen_power_plant,shelby_connelly,sandra_jaskowiak,sunny,4,addition,center,11:58,12:17,3.75,3.77,5.7,7.4,8.1,25,22
01-25-2025,1,old_buntzen_power_plant,shelby_connelly,sandra_jaskowiak,sunny,4,addition,center,11:58,12:17,3.75,3.77,5.7,7.4,8.1,21,24
01-25-2025,1,old_buntzen_power_plant,shelby_connelly,sandra_jaskowiak,sunny,4,addition,center,11:58,12:17,3.75,3.77,5.7,7.4,8.1,24,21
01-25-2025,1,old_buntzen_power_plant,shelby_connelly,sandra_jaskowiak,sunny,4,addition,center,11:58,12:17,3.75,3.77,5.7,7.4,8.1,19,20
01-25-2025,1,old_buntzen_power_plant,shelby_connelly,sandra_jaskowiak,sunny,4,removal,right,12:21,12:35,3.78,3.8,6,7.3,9.1,28,24
01-25-2025,1,old_buntzen_power_plant,shelby_connelly,sandra_jaskowiak,sunny,4,removal,right,12:21,12:35,3.78,3.8,6,7.3,9.1,18,24
01-25-2025,1,old_buntzen_power_plant,shelby_connelly,sandra_jaskowiak,sunny,4,removal,right,12:21,12:35,3.78,3.8,6,7.3,9.1,26,17
01-25-2025,1,old_buntzen_power_plant,shelby_connelly,sandra_jaskowiak,sunny,4,removal,right,12:21,12:35,3.78,3.8,6,7.3,9.1,31,20
01-25-2025,1,brighton_beach,shelby_connelly,sandra_jaskowiak,sunny,5,control,center,14:10,14:23,3.8,3.78,6.3,8,10.4,31,24
01-25-2025,1,brighton_beach,shelby_connelly,sandra_jaskowiak,sunny,5,addition,right,14:28,NA,3.78,NA,5,7.5,8.5,25,24
01-25-2025,1,brighton_beach,shelby_connelly,sandra_jaskowiak,sunny,5,addition,right,14:28,NA,3.78,NA,5,7.5,8.5,19,24
01-25-2025,1,brighton_beach,shelby_connelly,sandra_jaskowiak,sunny,5,addition,right,14:28,NA,3.78,NA,5,7.5,8.5,23,21
01-25-2025,1,brighton_beach,shelby_connelly,sandra_jaskowiak,sunny,5,addition,right,14:28,NA,3.78,NA,5,7.5,8.5,22,21
01-25-2025,1,brighton_beach,shelby_connelly,sandra_jaskowiak,sunny,5,addition,right,14:28,NA,3.78,NA,5,7.5,8.5,25,27
01-25-2025,1,brighton_beach,shelby_connelly,sandra_jaskowiak,sunny,5,addition,right,14:28,NA,3.78,NA,5,7.5,8.5,18,25
01-25-2025,1,brighton_beach,shelby_connelly,sandra_jaskowiak,sunny,5,addition,right,14:28,NA,3.78,NA,5,7.5,8.5,27,21
01-25-2025,1,brighton_beach,shelby_connelly,sandra_jaskowiak,sunny,5,addition,right,14:28,NA,3.78,NA,5,7.5,8.5,24,23
01-25-2025,1,brighton_beach,shelby_connelly,sandra_jaskowiak,sunny,5,addition,right,14:28,NA,3.78,NA,5,7.5,8.5,25,22
01-25-2025,1,brighton_beach,shelby_connelly,sandra_jaskowiak,sunny,5,removal,left,14:59,NA,3.73,NA,5.2,6.7,8.1,30,19
01-25-2025,1,brighton_beach,shelby_connelly,sandra_jaskowiak,sunny,5,removal,left,14:59,NA,3.73,NA,5.2,6.7,8.1,21,15
01-25-2025,1,brighton_beach,shelby_connelly,sandra_jaskowiak,sunny,5,removal,left,14:59,NA,3.73,NA,5.2,6.7,8.1,24,22
02-05-2025,3,boulder_island,sandra_jaskowiak,shelby_connelly,cloudy,4,addition,right,10:36,10:48,4.67,4.71,NA,NA,NA,32,32
02-05-2025,3,twin_islands,sandra_jaskowiak,shelby_connelly,cloudy,4,removal,left,11:51,12:03,4.6,4.54,NA,NA,NA,21,23
02-05-2025,3,jug_island,sandra_jaskowiak,shelby_connelly,cloudy,4,addition,center,14:00,14:18,3.64,3.48,NA,NA,NA,35,23
02-05-2025,3,jug_island,sandra_jaskowiak,shelby_connelly,cloudy,4,addition,center,14:00,14:18,3.64,3.48,NA,NA,NA,29,23
02-05-2025,3,jug_island,sandra_jaskowiak,shelby_connelly,cloudy,4,addition,center,14:00,14:18,3.64,3.48,NA,NA,NA,24,24
02-05-2025,3,jug_island,sandra_jaskowiak,shelby_connelly,cloudy,4,addition,center,14:00,14:18,3.64,3.48,NA,NA,NA,18,24
02-05-2025,3,jug_island,sandra_jaskowiak,shelby_connelly,cloudy,4,addition,center,14:00,14:18,3.64,3.48,NA,NA,NA,18,17
02-05-2025,3,jug_island,sandra_jaskowiak,shelby_connelly,cloudy,4,addition,center,14:00,14:18,3.64,3.48,NA,NA,NA,26,25
02-05-2025,3,jug_island,sandra_jaskowiak,shelby_connelly,cloudy,4,addition,center,14:00,14:18,3.64,3.48,NA,NA,NA,27,24
02-05-2025,3,jug_island,sandra_jaskowiak,shelby_connelly,cloudy,4,addition,center,14:00,14:18,3.64,3.48,NA,NA,NA,25,27
02-05-2025,3,jug_island,sandra_jaskowiak,shelby_connelly,cloudy,4,addition,center,14:00,14:18,3.64,3.48,NA,NA,NA,24,24
02-05-2025,3,jug_island,sandra_jaskowiak,shelby_connelly,cloudy,4,addition,center,14:00,14:18,3.64,3.48,NA,NA,NA,29,21
02-05-2025,3,jug_island,sandra_jaskowiak,shelby_connelly,cloudy,4,control,right,14:22,NA,3.44,NA,NA,NA,NA,18,23
02-05-2025,3,jug_island,sandra_jaskowiak,shelby_connelly,cloudy,4,control,right,14:22,NA,3.44,NA,NA,NA,NA,24,23
02-08-2025,3,north_croker_island,shelby_connelly,sandra_jaskowiak,cloudy,7,removal,center,10:29,10:37,3.63,3.63,NA,NA,NA,37,22
02-08-2025,3,north_croker_island,shelby_connelly,sandra_jaskowiak,cloudy,7,removal,center,10:29,10:37,3.63,3.63,NA,NA,NA,29,21
02-08-2025,3,north_croker_island,shelby_connelly,sandra_jaskowiak,cloudy,7,control,right,10:42,NA,3.64,NA,NA,NA,NA,32,22
02-08-2025,3,north_croker_island,shelby_connelly,sandra_jaskowiak,cloudy,7,control,right,10:42,NA,3.64,NA,NA,NA,NA,41,21
02-08-2025,3,north_croker_island,shelby_connelly,sandra_jaskowiak,cloudy,7,control,right,10:42,NA,3.64,NA,NA,NA,NA,34,21
02-08-2025,3,north_croker_island,shelby_connelly,sandra_jaskowiak,cloudy,7,control,right,10:42,NA,3.64,NA,NA,NA,NA,28,19
02-08-2025,3,north_croker_island,shelby_connelly,sandra_jaskowiak,cloudy,7,control,right,10:42,NA,3.64,NA,NA,NA,NA,25,20
02-08-2025,3,north_croker_island,shelby_connelly,sandra_jaskowiak,cloudy,7,control,right,10:42,NA,3.64,NA,NA,NA,NA,20,21
02-08-2025,3,north_croker_island,shelby_connelly,sandra_jaskowiak,cloudy,7,control,right,10:42,NA,3.64,NA,NA,NA,NA,25,23
02-08-2025,3,north_croker_island,shelby_connelly,sandra_jaskowiak,cloudy,7,control,right,10:42,NA,3.64,NA,NA,NA,NA,27,27
02-08-2025,3,north_croker_island,shelby_connelly,sandra_jaskowiak,cloudy,7,control,right,10:42,NA,3.64,NA,NA,NA,NA,25,24
02-08-2025,3,south_croker_island,shelby_connelly,sandra_jaskowiak,cloudy,7,addition,left,11:53,12:08,3.83,3.87,NA,NA,NA,21,23
02-08-2025,3,south_croker_island,shelby_connelly,sandra_jaskowiak,cloudy,7,addition,left,11:53,12:08,3.83,3.87,NA,NA,NA,21,20
02-08-2025,3,south_croker_island,shelby_connelly,sandra_jaskowiak,cloudy,7,addition,left,11:53,12:08,3.83,3.87,NA,NA,NA,21,20
02-08-2025,3,south_croker_island,shelby_connelly,sandra_jaskowiak,cloudy,7,addition,left,11:53,12:08,3.83,3.87,NA,NA,NA,18,19
02-08-2025,3,south_croker_island,shelby_connelly,sandra_jaskowiak,cloudy,7,addition,left,11:53,12:08,3.83,3.87,NA,NA,NA,30,17
02-08-2025,3,south_croker_island,shelby_connelly,sandra_jaskowiak,cloudy,7,addition,left,11:53,12:08,3.83,3.87,NA,NA,NA,25,19
02-08-2025,3,south_croker_island,shelby_connelly,sandra_jaskowiak,cloudy,7,addition,left,11:53,12:08,3.83,3.87,NA,NA,NA,15,16
02-08-2025,3,south_croker_island,shelby_connelly,sandra_jaskowiak,cloudy,7,addition,left,11:53,12:08,3.83,3.87,NA,NA,NA,22,20
02-08-2025,3,south_croker_island,shelby_connelly,sandra_jaskowiak,cloudy,7,addition,left,11:53,12:08,3.83,3.87,NA,NA,NA,21,20
02-08-2025,3,south_croker_island,shelby_connelly,sandra_jaskowiak,cloudy,7,addition,left,11:53,12:08,3.83,3.87,NA,NA,NA,16,14
02-08-2025,3,south_croker_island,shelby_connelly,sandra_jaskowiak,cloudy,7,addition,left,11:53,12:08,3.83,3.87,NA,NA,NA,22,23
02-08-2025,3,south_croker_island,shelby_connelly,sandra_jaskowiak,cloudy,7,addition,left,11:53,12:08,3.83,3.87,NA,NA,NA,28,19
02-08-2025,3,south_croker_island,shelby_connelly,sandra_jaskowiak,cloudy,7,addition,left,11:53,12:08,3.83,3.87,NA,NA,NA,25,21
02-08-2025,3,south_croker_island,shelby_connelly,sandra_jaskowiak,cloudy,7,addition,left,11:53,12:08,3.83,3.87,NA,NA,NA,26,15
02-08-2025,3,south_croker_island,shelby_connelly,sandra_jaskowiak,cloudy,7,addition,left,11:53,12:08,3.83,3.87,NA,NA,NA,20,15
02-08-2025,3,south_croker_island,shelby_connelly,sandra_jaskowiak,cloudy,7,addition,left,11:53,12:08,3.83,3.87,NA,NA,NA,22,17
02-08-2025,3,south_croker_island,shelby_connelly,sandra_jaskowiak,cloudy,7,addition,left,11:53,12:08,3.83,3.87,NA,NA,NA,22,21
02-08-2025,3,south_croker_island,shelby_connelly,sandra_jaskowiak,cloudy,7,addition,left,11:53,12:08,3.83,3.87,NA,NA,NA,26,19
02-08-2025,3,south_croker_island,shelby_connelly,sandra_jaskowiak,cloudy,7,control,center,12:13,12:25,3.88,3.9,NA,NA,NA,31,19
02-08-2025,3,south_croker_island,shelby_connelly,sandra_jaskowiak,cloudy,7,control,center,12:13,12:25,3.88,3.9,NA,NA,NA,25,19
02-08-2025,3,south_croker_island,shelby_connelly,sandra_jaskowiak,cloudy,7,control,center,12:13,12:25,3.88,3.9,NA,NA,NA,25,17
02-08-2025,3,south_croker_island,shelby_connelly,sandra_jaskowiak,cloudy,7,control,center,12:13,12:25,3.88,3.9,NA,NA,NA,25,20
02-08-2025,3,south_croker_island,shelby_connelly,sandra_jaskowiak,cloudy,7,control,center,12:13,12:25,3.88,3.9,NA,NA,NA,23,16
02-08-2025,3,south_croker_island,shelby_connelly,sandra_jaskowiak,cloudy,7,control,center,12:13,12:25,3.88,3.9,NA,NA,NA,27,22
02-08-2025,3,south_croker_island,shelby_connelly,sandra_jaskowiak,cloudy,7,control,center,12:13,12:25,3.88,3.9,NA,NA,NA,16,17
02-08-2025,3,south_croker_island,shelby_connelly,sandra_jaskowiak,cloudy,7,control,center,12:13,12:25,3.88,3.9,NA,NA,NA,27,16
02-08-2025,3,south_croker_island,shelby_connelly,sandra_jaskowiak,cloudy,7,control,center,12:13,12:25,3.88,3.9,NA,NA,NA,31,20
02-08-2025,3,south_croker_island,shelby_connelly,sandra_jaskowiak,cloudy,7,control,center,12:13,12:25,3.88,3.9,NA,NA,NA,21,20
02-08-2025,3,south_croker_island,shelby_connelly,sandra_jaskowiak,cloudy,7,control,center,12:13,12:25,3.88,3.9,NA,NA,NA,30,18
02-08-2025,3,south_croker_island,shelby_connelly,sandra_jaskowiak,cloudy,7,control,center,12:13,12:25,3.88,3.9,NA,NA,NA,27,15
02-08-2025,3,south_croker_island,shelby_connelly,sandra_jaskowiak,cloudy,7,control,center,12:13,12:25,3.88,3.9,NA,NA,NA,24,14
02-08-2025,3,south_croker_island,shelby_connelly,sandra_jaskowiak,cloudy,7,control,center,12:13,12:25,3.88,3.9,NA,NA,NA,20,22
02-08-2025,3,south_croker_island,shelby_connelly,sandra_jaskowiak,cloudy,7,control,center,12:13,12:25,3.88,3.9,NA,NA,NA,23,18
02-08-2025,3,south_croker_island,shelby_connelly,sandra_jaskowiak,cloudy,7,removal,right,12:30,12:40,3.91,3.92,NA,NA,NA,27,25
02-08-2025,3,south_croker_island,shelby_connelly,sandra_jaskowiak,cloudy,7,removal,right,12:30,12:40,3.91,3.92,NA,NA,NA,32,20
02-08-2025,3,south_croker_island,shelby_connelly,sandra_jaskowiak,cloudy,7,removal,right,12:30,12:40,3.91,3.92,NA,NA,NA,22,21
02-08-2025,3,south_croker_island,shelby_connelly,sandra_jaskowiak,cloudy,7,removal,right,12:30,12:40,3.91,3.92,NA,NA,NA,22,21
02-08-2025,3,south_croker_island,shelby_connelly,sandra_jaskowiak,cloudy,7,removal,right,12:30,12:40,3.91,3.92,NA,NA,NA,25,15
02-08-2025,3,south_croker_island,shelby_connelly,sandra_jaskowiak,cloudy,7,removal,right,12:30,12:40,3.91,3.92,NA,NA,NA,27,24
02-08-2025,3,south_croker_island,shelby_connelly,sandra_jaskowiak,cloudy,7,removal,right,12:30,12:40,3.91,3.92,NA,NA,NA,27,16
02-08-2025,3,south_croker_island,shelby_connelly,sandra_jaskowiak,cloudy,7,removal,right,12:30,12:40,3.91,3.92,NA,NA,NA,23,22
02-08-2025,3,south_johnson_bay,shelby_connelly,sandra_jaskowiak,cloudy,7,removal,left,13:41,13:56,3.92,3.92,NA,NA,NA,22,23
02-08-2025,3,south_johnson_bay,shelby_connelly,sandra_jaskowiak,cloudy,7,removal,left,13:41,13:56,3.92,3.92,NA,NA,NA,25,18
02-08-2025,3,south_johnson_bay,shelby_connelly,sandra_jaskowiak,cloudy,7,removal,left,13:41,13:56,3.92,3.92,NA,NA,NA,18,16
02-08-2025,3,south_johnson_bay,shelby_connelly,sandra_jaskowiak,cloudy,7,removal,left,13:41,13:56,3.92,3.92,NA,NA,NA,20,14
02-08-2025,3,south_johnson_bay,shelby_connelly,sandra_jaskowiak,cloudy,7,removal,left,13:41,13:56,3.92,3.92,NA,NA,NA,22,18
02-08-2025,3,south_johnson_bay,shelby_connelly,sandra_jaskowiak,cloudy,7,removal,left,13:41,13:56,3.92,3.92,NA,NA,NA,21,14
02-08-2025,3,south_johnson_bay,shelby_connelly,sandra_jaskowiak,cloudy,7,removal,left,13:41,13:56,3.92,3.92,NA,NA,NA,20,16
02-08-2025,3,south_johnson_bay,shelby_connelly,sandra_jaskowiak,cloudy,7,removal,left,13:41,13:56,3.92,3.92,NA,NA,NA,11,11
02-08-2025,3,south_johnson_bay,shelby_connelly,sandra_jaskowiak,cloudy,7,removal,left,13:41,13:56,3.92,3.92,NA,NA,NA,24,19
02-08-2025,3,south_johnson_bay,shelby_connelly,sandra_jaskowiak,cloudy,7,removal,left,13:41,13:56,3.92,3.92,NA,NA,NA,20,20
02-08-2025,3,south_johnson_bay,shelby_connelly,sandra_jaskowiak,cloudy,7,removal,left,13:41,13:56,3.92,3.92,NA,NA,NA,17,15
02-08-2025,3,south_johnson_bay,shelby_connelly,sandra_jaskowiak,cloudy,7,removal,left,13:41,13:56,3.92,3.92,NA,NA,NA,21,19
02-08-2025,3,south_johnson_bay,shelby_connelly,sandra_jaskowiak,cloudy,7,removal,left,13:41,13:56,3.92,3.92,NA,NA,NA,30,15
02-08-2025,3,south_johnson_bay,shelby_connelly,sandra_jaskowiak,cloudy,7,removal,left,13:41,13:56,3.92,3.92,NA,NA,NA,23,21
02-08-2025,3,south_johnson_bay,shelby_connelly,sandra_jaskowiak,cloudy,7,removal,left,13:41,13:56,3.92,3.92,NA,NA,NA,20,20
02-08-2025,3,south_johnson_bay,shelby_connelly,sandra_jaskowiak,cloudy,7,addition,center,14:01,14:08,3.92,3.91,NA,NA,NA,35,18
02-08-2025,3,south_johnson_bay,shelby_connelly,sandra_jaskowiak,cloudy,7,addition,center,14:01,14:08,3.92,3.91,NA,NA,NA,19,17
02-08-2025,3,south_johnson_bay,shelby_connelly,sandra_jaskowiak,cloudy,7,control,right,14:11,14:23,3.91,3.89,NA,NA,NA,20,17
02-08-2025,3,south_johnson_bay,shelby_connelly,sandra_jaskowiak,cloudy,7,control,right,14:11,14:23,3.91,3.89,NA,NA,NA,26,21
02-08-2025,3,south_johnson_bay,shelby_connelly,sandra_jaskowiak,cloudy,7,control,right,14:11,14:23,3.91,3.89,NA,NA,NA,24,20
02-08-2025,3,south_johnson_bay,shelby_connelly,sandra_jaskowiak,cloudy,7,control,right,14:11,14:23,3.91,3.89,NA,NA,NA,20,17
02-08-2025,3,south_johnson_bay,shelby_connelly,sandra_jaskowiak,cloudy,7,control,right,14:11,14:23,3.91,3.89,NA,NA,NA,20,22
02-08-2025,3,south_johnson_bay,shelby_connelly,sandra_jaskowiak,cloudy,7,control,right,14:11,14:23,3.91,3.89,NA,NA,NA,30,17
02-08-2025,3,south_johnson_bay,shelby_connelly,sandra_jaskowiak,cloudy,7,control,right,14:11,14:23,3.91,3.89,NA,NA,NA,22,19
02-08-2025,3,south_johnson_bay,shelby_connelly,sandra_jaskowiak,cloudy,7,control,right,14:11,14:23,3.91,3.89,NA,NA,NA,20,14
02-08-2025,3,south_johnson_bay,shelby_connelly,sandra_jaskowiak,cloudy,7,control,right,14:11,14:23,3.91,3.89,NA,NA,NA,20,18
02-08-2025,3,south_johnson_bay,shelby_connelly,sandra_jaskowiak,cloudy,7,control,right,14:11,14:23,3.91,3.89,NA,NA,NA,24,17
02-08-2025,3,south_johnson_bay,shelby_connelly,sandra_jaskowiak,cloudy,7,control,right,14:11,14:23,3.91,3.89,NA,NA,NA,26,16
02-08-2025,3,south_johnson_bay,shelby_connelly,sandra_jaskowiak,cloudy,7,control,right,14:11,14:23,3.91,3.89,NA,NA,NA,19,16
02-08-2025,3,south_johnson_bay,shelby_connelly,sandra_jaskowiak,cloudy,7,control,right,14:11,14:23,3.91,3.89,NA,NA,NA,24,19
02-08-2025,3,south_johnson_bay,shelby_connelly,sandra_jaskowiak,cloudy,7,control,right,14:11,14:23,3.91,3.89,NA,NA,NA,24,19
02-08-2025,3,south_johnson_bay,shelby_connelly,sandra_jaskowiak,cloudy,7,control,right,14:11,14:23,3.91,3.89,NA,NA,NA,20,21
02-10-2025,3,best_point,shelby_connelly,em_lim,sunny,5,control,left,9:50,10:03,3.69,3.62,NA,NA,NA,24,21
02-10-2025,3,best_point,shelby_connelly,em_lim,sunny,5,control,left,9:50,10:03,3.69,3.62,NA,NA,NA,24,22
02-10-2025,3,best_point,shelby_connelly,em_lim,sunny,5,control,left,9:50,10:03,3.69,3.62,NA,NA,NA,24,24
02-10-2025,3,best_point,shelby_connelly,em_lim,sunny,5,control,left,9:50,10:03,3.69,3.62,NA,NA,NA,22,25
02-10-2025,3,best_point,shelby_connelly,em_lim,sunny,5,control,left,9:50,10:03,3.69,3.62,NA,NA,NA,31,21
02-10-2025,3,best_point,shelby_connelly,em_lim,sunny,5,control,left,9:50,10:03,3.69,3.62,NA,NA,NA,27,19
02-10-2025,3,best_point,shelby_connelly,em_lim,sunny,5,control,left,9:50,10:03,3.69,3.62,NA,NA,NA,25,23
02-10-2025,3,best_point,shelby_connelly,em_lim,sunny,5,control,left,9:50,10:03,3.69,3.62,NA,NA,NA,27,19
02-10-2025,3,best_point,shelby_connelly,em_lim,sunny,5,control,left,9:50,10:03,3.69,3.62,NA,NA,NA,27,17
02-10-2025,3,best_point,shelby_connelly,em_lim,sunny,5,control,left,9:50,10:03,3.69,3.62,NA,NA,NA,28,20
02-10-2025,3,best_point,shelby_connelly,em_lim,sunny,5,control,left,9:50,10:03,3.69,3.62,NA,NA,NA,22,19
02-10-2025,3,best_point,shelby_connelly,em_lim,sunny,5,control,left,9:50,10:03,3.69,3.62,NA,NA,NA,32,19
02-10-2025,3,best_point,shelby_connelly,em_lim,sunny,5,removal,center,10:07,10:17,3.61,3.55,NA,NA,NA,27,23
02-10-2025,3,best_point,shelby_connelly,em_lim,sunny,5,removal,center,10:07,10:17,3.61,3.55,NA,NA,NA,23,22
02-10-2025,3,best_point,shelby_connelly,em_lim,sunny,5,removal,center,10:07,10:17,3.61,3.55,NA,NA,NA,29,17
02-10-2025,3,best_point,shelby_connelly,em_lim,sunny,5,removal,center,10:07,10:17,3.61,3.55,NA,NA,NA,29,20
02-10-2025,3,best_point,shelby_connelly,em_lim,sunny,5,removal,center,10:07,10:17,3.61,3.55,NA,NA,NA,26,21
02-10-2025,3,best_point,shelby_connelly,em_lim,sunny,5,removal,center,10:07,10:17,3.61,3.55,NA,NA,NA,26,24
02-10-2025,3,best_point,shelby_connelly,em_lim,sunny,5,removal,center,10:07,10:17,3.61,3.55,NA,NA,NA,26,22
02-10-2025,3,best_point,shelby_connelly,em_lim,sunny,5,removal,center,10:07,10:17,3.61,3.55,NA,NA,NA,30,24
02-10-2025,3,best_point,shelby_connelly,em_lim,sunny,5,removal,center,10:07,10:17,3.61,3.55,NA,NA,NA,18,17
02-10-2025,3,best_point,shelby_connelly,em_lim,sunny,5,removal,center,10:07,10:17,3.61,3.55,NA,NA,NA,18,22
02-10-2025,3,best_point,shelby_connelly,em_lim,sunny,5,removal,center,10:07,10:17,3.61,3.55,NA,NA,NA,25,23
02-10-2025,3,best_point,shelby_connelly,em_lim,sunny,5,removal,center,10:07,10:17,3.61,3.55,NA,NA,NA,26,18
02-10-2025,3,best_point,shelby_connelly,em_lim,sunny,5,removal,center,10:07,10:17,3.61,3.55,NA,NA,NA,29,22
02-10-2025,3,best_point,shelby_connelly,em_lim,sunny,5,addition,right,10:22,10:32,3.53,3.48,NA,NA,NA,24,20
02-10-2025,3,best_point,shelby_connelly,em_lim,sunny,5,addition,right,10:22,10:32,3.53,3.48,NA,NA,NA,25,21
02-10-2025,3,best_point,shelby_connelly,em_lim,sunny,5,addition,right,10:22,10:32,3.53,3.48,NA,NA,NA,26,16
02-10-2025,3,best_point,shelby_connelly,em_lim,sunny,5,addition,right,10:22,10:32,3.53,3.48,NA,NA,NA,26,22
02-10-2025,3,best_point,shelby_connelly,em_lim,sunny,5,addition,right,10:22,10:32,3.53,3.48,NA,NA,NA,22,25
02-10-2025,3,best_point,shelby_connelly,em_lim,sunny,5,addition,right,10:22,10:32,3.53,3.48,NA,NA,NA,26,21
02-10-2025,3,best_point,shelby_connelly,em_lim,sunny,5,addition,right,10:22,10:32,3.53,3.48,NA,NA,NA,25,18
02-10-2025,3,best_point,shelby_connelly,em_lim,sunny,5,addition,right,10:22,10:32,3.53,3.48,NA,NA,NA,20,18
02-10-2025,3,best_point,shelby_connelly,em_lim,sunny,5,addition,right,10:22,10:32,3.53,3.48,NA,NA,NA,19,22
02-10-2025,3,best_point,shelby_connelly,em_lim,sunny,5,addition,right,10:22,10:32,3.53,3.48,NA,NA,NA,24,20
02-10-2025,3,old_buntzen_power_plant,shelby_connelly,em_lim,sunny,5,control,left,11:25,11:36,3.27,3.25,NA,NA,NA,25,23
02-10-2025,3,old_buntzen_power_plant,shelby_connelly,em_lim,sunny,5,control,left,11:25,11:36,3.27,3.25,NA,NA,NA,27,26
02-10-2025,3,old_buntzen_power_plant,shelby_connelly,em_lim,sunny,5,addition,center,11:40,11:59,3.24,3.22,NA,NA,NA,25,28
02-10-2025,3,old_buntzen_power_plant,shelby_connelly,em_lim,sunny,5,addition,center,11:40,11:59,3.24,3.22,NA,NA,NA,24,21
02-10-2025,3,old_buntzen_power_plant,shelby_connelly,em_lim,sunny,5,addition,center,11:40,11:59,3.24,3.22,NA,NA,NA,29,21
02-10-2025,3,old_buntzen_power_plant,shelby_connelly,em_lim,sunny,5,addition,center,11:40,11:59,3.24,3.22,NA,NA,NA,26,22
02-10-2025,3,old_buntzen_power_plant,shelby_connelly,em_lim,sunny,5,addition,center,11:40,11:59,3.24,3.22,NA,NA,NA,18,19
02-10-2025,3,old_buntzen_power_plant,shelby_connelly,em_lim,sunny,5,addition,center,11:40,11:59,3.24,3.22,NA,NA,NA,26,20
02-10-2025,3,old_buntzen_power_plant,shelby_connelly,em_lim,sunny,5,addition,center,11:40,11:59,3.24,3.22,NA,NA,NA,19,20
02-10-2025,3,old_buntzen_power_plant,shelby_connelly,em_lim,sunny,5,addition,center,11:40,11:59,3.24,3.22,NA,NA,NA,15,17
02-10-2025,3,old_buntzen_power_plant,shelby_connelly,em_lim,sunny,5,addition,center,11:40,11:59,3.24,3.22,NA,NA,NA,29,22
02-10-2025,3,old_buntzen_power_plant,shelby_connelly,em_lim,sunny,5,addition,center,11:40,11:59,3.24,3.22,NA,NA,NA,23,21
02-10-2025,3,old_buntzen_power_plant,shelby_connelly,em_lim,sunny,5,addition,center,11:40,11:59,3.24,3.22,NA,NA,NA,25,20
02-10-2025,3,old_buntzen_power_plant,shelby_connelly,em_lim,sunny,5,addition,center,11:40,11:59,3.24,3.22,NA,NA,NA,21,19
02-10-2025,3,old_buntzen_power_plant,shelby_connelly,em_lim,sunny,5,addition,center,11:40,11:59,3.24,3.22,NA,NA,NA,21,24
02-10-2025,3,old_buntzen_power_plant,shelby_connelly,em_lim,sunny,5,addition,center,11:40,11:59,3.24,3.22,NA,NA,NA,23,23
02-10-2025,3,old_buntzen_power_plant,shelby_connelly,em_lim,sunny,5,addition,center,11:40,11:59,3.24,3.22,NA,NA,NA,25,14
02-10-2025,3,old_buntzen_power_plant,shelby_connelly,em_lim,sunny,5,addition,center,11:40,11:59,3.24,3.22,NA,NA,NA,27,23
02-10-2025,3,old_buntzen_power_plant,shelby_connelly,em_lim,sunny,5,addition,center,11:40,11:59,3.24,3.22,NA,NA,NA,21,19
02-10-2025,3,old_buntzen_power_plant,shelby_connelly,em_lim,sunny,5,addition,center,11:40,11:59,3.24,3.22,NA,NA,NA,17,15
02-10-2025,3,old_buntzen_power_plant,shelby_connelly,em_lim,sunny,5,addition,center,11:40,11:59,3.24,3.22,NA,NA,NA,26,21
02-10-2025,3,old_buntzen_power_plant,shelby_connelly,em_lim,sunny,5,addition,center,11:40,11:59,3.24,3.22,NA,NA,NA,26,22
02-10-2025,3,old_buntzen_power_plant,shelby_connelly,em_lim,sunny,5,addition,center,11:40,11:59,3.24,3.22,NA,NA,NA,28,20
02-10-2025,3,old_buntzen_power_plant,shelby_connelly,em_lim,sunny,5,addition,center,11:40,11:59,3.24,3.22,NA,NA,NA,28,22
02-10-2025,3,old_buntzen_power_plant,shelby_connelly,em_lim,sunny,5,addition,center,11:40,11:59,3.24,3.22,NA,NA,NA,18,20
02-10-2025,3,old_buntzen_power_plant,shelby_connelly,em_lim,sunny,5,addition,center,11:40,11:59,3.24,3.22,NA,NA,NA,16,19
02-10-2025,3,old_buntzen_power_plant,shelby_connelly,em_lim,sunny,5,addition,center,11:40,11:59,3.24,3.22,NA,NA,NA,19,17
02-10-2025,3,old_buntzen_power_plant,shelby_connelly,em_lim,sunny,5,addition,center,11:40,11:59,3.24,3.22,NA,NA,NA,23,18
02-10-2025,3,old_buntzen_power_plant,shelby_connelly,em_lim,sunny,5,addition,center,11:40,11:59,3.24,3.22,NA,NA,NA,29,22
02-10-2025,3,old_buntzen_power_plant,shelby_connelly,em_lim,sunny,5,addition,center,11:40,11:59,3.24,3.22,NA,NA,NA,32,18
02-10-2025,3,old_buntzen_power_plant,shelby_connelly,em_lim,sunny,5,addition,center,11:40,11:59,3.24,3.22,NA,NA,NA,21,18
02-10-2025,3,old_buntzen_power_plant,shelby_connelly,em_lim,sunny,5,addition,center,11:40,11:59,3.24,3.22,NA,NA,NA,21,19
02-10-2025,3,old_buntzen_power_plant,shelby_connelly,em_lim,sunny,5,addition,center,11:40,11:59,3.24,3.22,NA,NA,NA,20,14
02-10-2025,3,old_buntzen_power_plant,shelby_connelly,em_lim,sunny,5,removal,right,12:02,NA,3.22,NA,NA,NA,NA,27,24
02-10-2025,3,old_buntzen_power_plant,shelby_connelly,em_lim,sunny,5,removal,right,12:02,NA,3.22,NA,NA,NA,NA,23,22
02-10-2025,3,old_buntzen_power_plant,shelby_connelly,em_lim,sunny,5,removal,right,12:02,NA,3.22,NA,NA,NA,NA,24,15
02-10-2025,3,old_buntzen_power_plant,shelby_connelly,em_lim,sunny,5,removal,right,12:02,NA,3.22,NA,NA,NA,NA,23,19
02-10-2025,3,old_buntzen_power_plant,shelby_connelly,em_lim,sunny,5,removal,right,12:02,NA,3.22,NA,NA,NA,NA,30,18
02-10-2025,3,old_buntzen_power_plant,shelby_connelly,em_lim,sunny,5,removal,right,12:02,NA,3.22,NA,NA,NA,NA,22,24
02-10-2025,3,old_buntzen_power_plant,shelby_connelly,em_lim,sunny,5,removal,right,12:02,NA,3.22,NA,NA,NA,NA,25,19
02-10-2025,3,old_buntzen_power_plant,shelby_connelly,em_lim,sunny,5,removal,right,12:02,NA,3.22,NA,NA,NA,NA,26,15
02-10-2025,3,old_buntzen_power_plant,shelby_connelly,em_lim,sunny,5,removal,right,12:02,NA,3.22,NA,NA,NA,NA,20,19
02-10-2025,3,old_buntzen_power_plant,shelby_connelly,em_lim,sunny,5,removal,right,12:02,NA,3.22,NA,NA,NA,NA,18,18
02-10-2025,3,old_buntzen_power_plant,shelby_connelly,em_lim,sunny,5,removal,right,12:02,NA,3.22,NA,NA,NA,NA,15,13
02-10-2025,3,old_buntzen_power_plant,shelby_connelly,em_lim,sunny,5,removal,right,12:02,NA,3.22,NA,NA,NA,NA,19,20
02-10-2025,3,old_buntzen_power_plant,shelby_connelly,em_lim,sunny,5,removal,right,12:02,NA,3.22,NA,NA,NA,NA,17,18
02-10-2025,3,brighton_beach,shelby_connelly,em_lim,sunny,5,control,center,13:12,13:28,3.38,3.45,NA,NA,NA,31,22
02-10-2025,3,brighton_beach,shelby_connelly,em_lim,sunny,5,addition,right,13:32,13:46,3.47,3.53,NA,NA,NA,30,24
02-10-2025,3,brighton_beach,shelby_connelly,em_lim,sunny,5,addition,right,13:32,13:46,3.47,3.53,NA,NA,NA,20,25
02-10-2025,3,brighton_beach,shelby_connelly,em_lim,sunny,5,addition,right,13:32,13:46,3.47,3.53,NA,NA,NA,30,20
02-10-2025,3,brighton_beach,shelby_connelly,em_lim,sunny,5,addition,right,13:32,13:46,3.47,3.53,NA,NA,NA,23,30
02-24-2025,6,jug_island,shelby_connelly,em_lim,overcast,5,removal,left,12:15,12:25,3.65,3.67,NA,NA,NA,26,14
02-24-2025,6,jug_island,shelby_connelly,em_lim,overcast,5,removal,left,12:15,12:25,3.65,3.67,NA,NA,NA,20,20
02-24-2025,6,jug_island,shelby_connelly,em_lim,overcast,5,addition,center,12:29,12:44,3.68,3.72,NA,NA,NA,21,20
02-24-2025,6,jug_island,shelby_connelly,em_lim,overcast,5,addition,center,12:29,12:44,3.68,3.72,NA,NA,NA,21,20
02-24-2025,6,jug_island,shelby_connelly,em_lim,overcast,5,addition,center,12:29,12:44,3.68,3.72,NA,NA,NA,27,23
02-24-2025,6,jug_island,shelby_connelly,em_lim,overcast,5,addition,center,12:29,12:44,3.68,3.72,NA,NA,NA,29,26
02-24-2025,6,jug_island,shelby_connelly,em_lim,overcast,5,addition,center,12:29,12:44,3.68,3.72,NA,NA,NA,36,24
02-24-2025,6,jug_island,shelby_connelly,em_lim,overcast,5,addition,center,12:29,12:44,3.68,3.72,NA,NA,NA,22,21
02-24-2025,6,jug_island,shelby_connelly,em_lim,overcast,5,control,right,12:48,12:57,3.72,3.74,NA,NA,NA,26,19
02-24-2025,6,jug_island,shelby_connelly,em_lim,overcast,5,control,right,12:48,12:57,3.72,3.74,NA,NA,NA,24,20
02-24-2025,6,jug_island,shelby_connelly,em_lim,overcast,5,control,right,12:48,12:57,3.72,3.74,NA,NA,NA,25,25
02-24-2025,6,jug_island,shelby_connelly,em_lim,overcast,5,control,right,12:48,12:57,3.72,3.74,NA,NA,NA,25,20
02-24-2025,6,jug_island,shelby_connelly,em_lim,overcast,5,control,right,12:48,12:57,3.72,3.74,NA,NA,NA,27,18
02-24-2025,6,jug_island,shelby_connelly,em_lim,overcast,5,control,right,12:48,12:57,3.72,3.74,NA,NA,NA,27,24
02-24-2025,6,jug_island,shelby_connelly,em_lim,overcast,5,control,right,12:48,12:57,3.72,3.74,NA,NA,NA,33,18
03-01-2025,6,north_croker_island,shelby_connelly,matt_bakken,sunny,5,addition,left,10:52,11:04,3.59,3.47,NA,NA,NA,33,20
03-01-2025,6,north_croker_island,shelby_connelly,matt_bakken,sunny,5,addition,left,10:52,11:04,3.59,3.47,NA,NA,NA,28,17
03-01-2025,6,north_croker_island,shelby_connelly,matt_bakken,sunny,5,addition,left,10:52,11:04,3.59,3.47,NA,NA,NA,22,23
03-01-2025,6,north_croker_island,shelby_connelly,matt_bakken,sunny,5,addition,left,10:52,11:04,3.59,3.47,NA,NA,NA,34,23
03-01-2025,6,north_croker_island,shelby_connelly,matt_bakken,sunny,5,addition,left,10:52,11:04,3.59,3.47,NA,NA,NA,20,19
03-01-2025,6,north_croker_island,shelby_connelly,matt_bakken,sunny,5,addition,left,10:52,11:04,3.59,3.47,NA,NA,NA,23,22
03-01-2025,6,north_croker_island,shelby_connelly,matt_bakken,sunny,5,addition,left,10:52,11:04,3.59,3.47,NA,NA,NA,28,24
03-01-2025,6,north_croker_island,shelby_connelly,matt_bakken,sunny,5,removal,center,10:21,10:35,3.89,3.76,NA,NA,NA,28,23
03-01-2025,6,north_croker_island,shelby_connelly,matt_bakken,sunny,5,removal,center,10:21,10:35,3.89,3.76,NA,NA,NA,30,27
03-01-2025,6,north_croker_island,shelby_connelly,matt_bakken,sunny,5,removal,center,10:21,10:35,3.89,3.76,NA,NA,NA,34,23
03-01-2025,6,north_croker_island,shelby_connelly,matt_bakken,sunny,5,removal,center,10:21,10:35,3.89,3.76,NA,NA,NA,27,18
03-01-2025,6,north_croker_island,shelby_connelly,matt_bakken,sunny,5,removal,center,10:21,10:35,3.89,3.76,NA,NA,NA,33,16
03-01-2025,6,north_croker_island,shelby_connelly,matt_bakken,sunny,5,removal,center,10:21,10:35,3.89,3.76,NA,NA,NA,40,18
03-01-2025,6,north_croker_island,shelby_connelly,matt_bakken,sunny,5,removal,center,10:21,10:35,3.89,3.76,NA,NA,NA,35,25
03-01-2025,6,north_croker_island,shelby_connelly,matt_bakken,sunny,5,removal,center,10:21,10:35,3.89,3.76,NA,NA,NA,23,25
03-01-2025,6,north_croker_island,shelby_connelly,matt_bakken,sunny,5,removal,center,10:21,10:35,3.89,3.76,NA,NA,NA,22,20
03-01-2025,6,north_croker_island,shelby_connelly,matt_bakken,sunny,5,removal,center,10:21,10:35,3.89,3.76,NA,NA,NA,30,19
03-01-2025,6,north_croker_island,shelby_connelly,matt_bakken,sunny,5,control,right,10:39,10:47,3.73,3.66,NA,NA,NA,29,27
03-01-2025,6,north_croker_island,shelby_connelly,matt_bakken,sunny,5,control,right,10:39,10:47,3.73,3.66,NA,NA,NA,21,22
03-01-2025,6,north_croker_island,shelby_connelly,matt_bakken,sunny,5,control,right,10:39,10:47,3.73,3.66,NA,NA,NA,30,23
03-01-2025,6,south_croker_island,shelby_connelly,matt_bakken,sunny,5,addition,left,11:50,12:07,3.02,2.86,NA,NA,NA,32,18
03-01-2025,6,south_croker_island,shelby_connelly,matt_bakken,sunny,5,addition,left,11:50,12:07,3.02,2.86,NA,NA,NA,26,23
03-01-2025,6,south_croker_island,shelby_connelly,matt_bakken,sunny,5,addition,left,11:50,12:07,3.02,2.86,NA,NA,NA,26,18
03-01-2025,6,south_croker_island,shelby_connelly,matt_bakken,sunny,5,addition,left,11:50,12:07,3.02,2.86,NA,NA,NA,32,17
03-01-2025,6,south_croker_island,shelby_connelly,matt_bakken,sunny,5,addition,left,11:50,12:07,3.02,2.86,NA,NA,NA,27,23
03-01-2025,6,south_croker_island,shelby_connelly,matt_bakken,sunny,5,addition,left,11:50,12:07,3.02,2.86,NA,NA,NA,28,24
03-01-2025,6,south_croker_island,shelby_connelly,matt_bakken,sunny,5,addition,left,11:50,12:07,3.02,2.86,NA,NA,NA,24,18
03-01-2025,6,south_croker_island,shelby_connelly,matt_bakken,sunny,5,addition,left,11:50,12:07,3.02,2.86,NA,NA,NA,27,22
03-01-2025,6,south_croker_island,shelby_connelly,matt_bakken,sunny,5,addition,left,11:50,12:07,3.02,2.86,NA,NA,NA,29,21
03-01-2025,6,south_croker_island,shelby_connelly,matt_bakken,sunny,5,addition,left,11:50,12:07,3.02,2.86,NA,NA,NA,26,18
03-01-2025,6,south_croker_island,shelby_connelly,matt_bakken,sunny,5,addition,left,11:50,12:07,3.02,2.86,NA,NA,NA,20,20
03-01-2025,6,south_croker_island,shelby_connelly,matt_bakken,sunny,5,addition,left,11:50,12:07,3.02,2.86,NA,NA,NA,29,17
03-01-2025,6,south_croker_island,shelby_connelly,matt_bakken,sunny,5,addition,left,11:50,12:07,3.02,2.86,NA,NA,NA,30,19
03-01-2025,6,south_croker_island,shelby_connelly,matt_bakken,sunny,5,addition,left,11:50,12:07,3.02,2.86,NA,NA,NA,31,16
03-01-2025,6,south_croker_island,shelby_connelly,matt_bakken,sunny,5,addition,left,11:50,12:07,3.02,2.86,NA,NA,NA,22,17
03-01-2025,6,south_croker_island,shelby_connelly,matt_bakken,sunny,5,addition,left,11:50,12:07,3.02,2.86,NA,NA,NA,27,19
03-01-2025,6,south_croker_island,shelby_connelly,matt_bakken,sunny,5,addition,left,11:50,12:07,3.02,2.86,NA,NA,NA,21,15
03-01-2025,6,south_croker_island,shelby_connelly,matt_bakken,sunny,5,addition,left,11:50,12:07,3.02,2.86,NA,NA,NA,29,20
03-01-2025,6,south_croker_island,shelby_connelly,matt_bakken,sunny,5,addition,left,11:50,12:07,3.02,2.86,NA,NA,NA,24,22
03-01-2025,6,south_croker_island,shelby_connelly,matt_bakken,sunny,5,addition,left,11:50,12:07,3.02,2.86,NA,NA,NA,28,19
03-01-2025,6,south_croker_island,shelby_connelly,matt_bakken,sunny,5,control,center,12:10,12:22,2.83,2.71,NA,NA,NA,21,15
03-01-2025,6,south_croker_island,shelby_connelly,matt_bakken,sunny,5,control,center,12:10,12:22,2.83,2.71,NA,NA,NA,22,25
03-01-2025,6,south_croker_island,shelby_connelly,matt_bakken,sunny,5,control,center,12:10,12:22,2.83,2.71,NA,NA,NA,25,17
03-01-2025,6,south_croker_island,shelby_connelly,matt_bakken,sunny,5,control,center,12:10,12:22,2.83,2.71,NA,NA,NA,36,20
03-01-2025,6,south_croker_island,shelby_connelly,matt_bakken,sunny,5,control,center,12:10,12:22,2.83,2.71,NA,NA,NA,29,16
03-01-2025,6,south_croker_island,shelby_connelly,matt_bakken,sunny,5,control,center,12:10,12:22,2.83,2.71,NA,NA,NA,28,22
03-01-2025,6,south_croker_island,shelby_connelly,matt_bakken,sunny,5,control,center,12:10,12:22,2.83,2.71,NA,NA,NA,21,22
03-01-2025,6,south_croker_island,shelby_connelly,matt_bakken,sunny,5,control,center,12:10,12:22,2.83,2.71,NA,NA,NA,28,17
03-01-2025,6,south_croker_island,shelby_connelly,matt_bakken,sunny,5,control,center,12:10,12:22,2.83,2.71,NA,NA,NA,29,19
03-01-2025,6,south_croker_island,shelby_connelly,matt_bakken,sunny,5,control,center,12:10,12:22,2.83,2.71,NA,NA,NA,23,20
03-01-2025,6,south_croker_island,shelby_connelly,matt_bakken,sunny,5,control,center,12:10,12:22,2.83,2.71,NA,NA,NA,20,16
03-01-2025,6,south_croker_island,shelby_connelly,matt_bakken,sunny,5,control,center,12:10,12:22,2.83,2.71,NA,NA,NA,28,20
03-01-2025,6,south_croker_island,shelby_connelly,matt_bakken,sunny,5,control,center,12:10,12:22,2.83,2.71,NA,NA,NA,30,20
03-01-2025,6,south_croker_island,shelby_connelly,matt_bakken,sunny,5,control,center,12:10,12:22,2.83,2.71,NA,NA,NA,27,19
03-01-2025,6,south_croker_island,shelby_connelly,matt_bakken,sunny,5,control,center,12:10,12:22,2.83,2.71,NA,NA,NA,29,21
03-01-2025,6,south_croker_island,shelby_connelly,matt_bakken,sunny,5,control,center,12:10,12:22,2.83,2.71,NA,NA,NA,25,20
03-01-2025,6,south_croker_island,shelby_connelly,matt_bakken,sunny,5,control,center,12:10,12:22,2.83,2.71,NA,NA,NA,29,20
03-01-2025,6,south_croker_island,shelby_connelly,matt_bakken,sunny,5,control,center,12:10,12:22,2.83,2.71,NA,NA,NA,28,16
03-01-2025,6,south_croker_island,shelby_connelly,matt_bakken,sunny,5,control,center,12:10,12:22,2.83,2.71,NA,NA,NA,32,15
03-01-2025,6,south_croker_island,shelby_connelly,matt_bakken,sunny,5,control,center,12:10,12:22,2.83,2.71,NA,NA,NA,33,22
03-01-2025,6,south_croker_island,shelby_connelly,matt_bakken,sunny,5,control,center,12:10,12:22,2.83,2.71,NA,NA,NA,37,21
03-01-2025,6,south_croker_island,shelby_connelly,matt_bakken,sunny,5,control,center,12:10,12:22,2.83,2.71,NA,NA,NA,27,23
03-01-2025,6,south_croker_island,shelby_connelly,matt_bakken,sunny,5,removal,right,12:27,12:42,2.66,2.53,NA,NA,NA,28,19
03-01-2025,6,south_croker_island,shelby_connelly,matt_bakken,sunny,5,removal,right,12:27,12:42,2.66,2.53,NA,NA,NA,20,21
03-01-2025,6,south_croker_island,shelby_connelly,matt_bakken,sunny,5,removal,right,12:27,12:42,2.66,2.53,NA,NA,NA,35,19
03-01-2025,6,south_croker_island,shelby_connelly,matt_bakken,sunny,5,removal,right,12:27,12:42,2.66,2.53,NA,NA,NA,29,20
03-01-2025,6,south_croker_island,shelby_connelly,matt_bakken,sunny,5,removal,right,12:27,12:42,2.66,2.53,NA,NA,NA,22,16
03-01-2025,6,south_croker_island,shelby_connelly,matt_bakken,sunny,5,removal,right,12:27,12:42,2.66,2.53,NA,NA,NA,27,19
03-01-2025,6,south_croker_island,shelby_connelly,matt_bakken,sunny,5,removal,right,12:27,12:42,2.66,2.53,NA,NA,NA,22,22
03-01-2025,6,south_croker_island,shelby_connelly,matt_bakken,sunny,5,removal,right,12:27,12:42,2.66,2.53,NA,NA,NA,21,21
03-01-2025,6,south_croker_island,shelby_connelly,matt_bakken,sunny,5,removal,right,12:27,12:42,2.66,2.53,NA,NA,NA,32,22
03-01-2025,6,south_croker_island,shelby_connelly,matt_bakken,sunny,5,removal,right,12:27,12:42,2.66,2.53,NA,NA,NA,26,18
03-01-2025,6,south_croker_island,shelby_connelly,matt_bakken,sunny,5,removal,right,12:27,12:42,2.66,2.53,NA,NA,NA,18,16
03-01-2025,6,south_croker_island,shelby_connelly,matt_bakken,sunny,5,removal,right,12:27,12:42,2.66,2.53,NA,NA,NA,33,17
03-01-2025,6,south_croker_island,shelby_connelly,matt_bakken,sunny,5,removal,right,12:27,12:42,2.66,2.53,NA,NA,NA,32,21
03-01-2025,6,south_croker_island,shelby_connelly,matt_bakken,sunny,5,removal,right,12:27,12:42,2.66,2.53,NA,NA,NA,26,22
03-01-2025,6,south_croker_island,shelby_connelly,matt_bakken,sunny,5,removal,right,12:27,12:42,2.66,2.53,NA,NA,NA,20,21
03-01-2025,6,south_croker_island,shelby_connelly,matt_bakken,sunny,5,removal,right,12:27,12:42,2.66,2.53,NA,NA,NA,30,17
03-01-2025,6,south_croker_island,shelby_connelly,matt_bakken,sunny,5,removal,right,12:27,12:42,2.66,2.53,NA,NA,NA,21,17
03-01-2025,6,south_croker_island,shelby_connelly,matt_bakken,sunny,5,removal,right,12:27,12:42,2.66,2.53,NA,NA,NA,29,18
03-01-2025,6,south_croker_island,shelby_connelly,matt_bakken,sunny,5,removal,right,12:27,12:42,2.66,2.53,NA,NA,NA,28,19
03-01-2025,6,south_croker_island,shelby_connelly,matt_bakken,sunny,5,removal,right,12:27,12:42,2.66,2.53,NA,NA,NA,35,19
03-01-2025,6,south_croker_island,shelby_connelly,matt_bakken,sunny,5,removal,right,12:27,12:42,2.66,2.53,NA,NA,NA,29,19
03-01-2025,6,south_croker_island,shelby_connelly,matt_bakken,sunny,5,removal,right,12:27,12:42,2.66,2.53,NA,NA,NA,25,22
03-01-2025,6,south_croker_island,shelby_connelly,matt_bakken,sunny,5,removal,right,12:27,12:42,2.66,2.53,NA,NA,NA,20,20
03-01-2025,6,south_johnson_bay,shelby_connelly,matt_bakken,sunny,5,removal,left,13:37,13:49,2.09,2.03,NA,NA,NA,30,19
03-01-2025,6,south_johnson_bay,shelby_connelly,matt_bakken,sunny,5,removal,left,13:37,13:49,2.09,2.03,NA,NA,NA,28,16
03-01-2025,6,south_johnson_bay,shelby_connelly,matt_bakken,sunny,5,removal,left,13:37,13:49,2.09,2.03,NA,NA,NA,29,17
03-01-2025,6,south_johnson_bay,shelby_connelly,matt_bakken,sunny,5,removal,left,13:37,13:49,2.09,2.03,NA,NA,NA,22,14
03-01-2025,6,south_johnson_bay,shelby_connelly,matt_bakken,sunny,5,removal,left,13:37,13:49,2.09,2.03,NA,NA,NA,21,18
03-01-2025,6,south_johnson_bay,shelby_connelly,matt_bakken,sunny,5,removal,left,13:37,13:49,2.09,2.03,NA,NA,NA,23,24
03-01-2025,6,south_johnson_bay,shelby_connelly,matt_bakken,sunny,5,removal,left,13:37,13:49,2.09,2.03,NA,NA,NA,26,16
03-01-2025,6,south_johnson_bay,shelby_connelly,matt_bakken,sunny,5,removal,left,13:37,13:49,2.09,2.03,NA,NA,NA,29,19
03-01-2025,6,south_johnson_bay,shelby_connelly,matt_bakken,sunny,5,removal,left,13:37,13:49,2.09,2.03,NA,NA,NA,25,19
03-01-2025,6,south_johnson_bay,shelby_connelly,matt_bakken,sunny,5,removal,left,13:37,13:49,2.09,2.03,NA,NA,NA,25,20
03-01-2025,6,south_johnson_bay,shelby_connelly,matt_bakken,sunny,5,removal,left,13:37,13:49,2.09,2.03,NA,NA,NA,16,9
03-01-2025,6,south_johnson_bay,shelby_connelly,matt_bakken,sunny,5,removal,left,13:37,13:49,2.09,2.03,NA,NA,NA,27,17
03-01-2025,6,south_johnson_bay,shelby_connelly,matt_bakken,sunny,5,removal,left,13:37,13:49,2.09,2.03,NA,NA,NA,20,19
03-01-2025,6,south_johnson_bay,shelby_connelly,matt_bakken,sunny,5,removal,left,13:37,13:49,2.09,2.03,NA,NA,NA,22,19
03-01-2025,6,south_johnson_bay,shelby_connelly,matt_bakken,sunny,5,addition,center,13:53,NA,2.01,NA,NA,NA,NA,22,17
03-01-2025,6,south_johnson_bay,shelby_connelly,matt_bakken,sunny,5,addition,center,13:53,NA,2.01,NA,NA,NA,NA,23,14
03-01-2025,6,south_johnson_bay,shelby_connelly,matt_bakken,sunny,5,addition,center,13:53,NA,2.01,NA,NA,NA,NA,22,19
03-01-2025,6,south_johnson_bay,shelby_connelly,matt_bakken,sunny,5,addition,center,13:53,NA,2.01,NA,NA,NA,NA,19,12
03-01-2025,6,south_johnson_bay,shelby_connelly,matt_bakken,sunny,5,control,right,14:03,14:12,1.96,1.95,NA,NA,NA,23,19
03-01-2025,6,south_johnson_bay,shelby_connelly,matt_bakken,sunny,5,control,right,14:03,14:12,1.96,1.95,NA,NA,NA,19,18
03-01-2025,6,south_johnson_bay,shelby_connelly,matt_bakken,sunny,5,control,right,14:03,14:12,1.96,1.95,NA,NA,NA,31,19
03-01-2025,6,south_johnson_bay,shelby_connelly,matt_bakken,sunny,5,control,right,14:03,14:12,1.96,1.95,NA,NA,NA,23,22
03-01-2025,6,south_johnson_bay,shelby_connelly,matt_bakken,sunny,5,control,right,14:03,14:12,1.96,1.95,NA,NA,NA,32,22
03-01-2025,6,south_johnson_bay,shelby_connelly,matt_bakken,sunny,5,control,right,14:03,14:12,1.96,1.95,NA,NA,NA,31,20
03-01-2025,6,south_johnson_bay,shelby_connelly,matt_bakken,sunny,5,control,right,14:03,14:12,1.96,1.95,NA,NA,NA,30,19
03-01-2025,6,south_johnson_bay,shelby_connelly,matt_bakken,sunny,5,control,right,14:03,14:12,1.96,1.95,NA,NA,NA,23,20
03-01-2025,6,south_johnson_bay,shelby_connelly,matt_bakken,sunny,5,control,right,14:03,14:12,1.96,1.95,NA,NA,NA,23,19
03-01-2025,6,south_johnson_bay,shelby_connelly,matt_bakken,sunny,5,control,right,14:03,14:12,1.96,1.95,NA,NA,NA,24,20
03-03-2025,6,best_point,shelby_connelly,amelia_hesketh,rainy,5,control,left,9:21,9:34,4.78,4.7,NA,NA,NA,28,20
03-03-2025,6,best_point,shelby_connelly,amelia_hesketh,rainy,5,control,left,9:21,9:34,4.78,4.7,NA,NA,NA,28,21
03-03-2025,6,best_point,shelby_connelly,amelia_hesketh,rainy,5,control,left,9:21,9:34,4.78,4.7,NA,NA,NA,28,20
03-03-2025,6,best_point,shelby_connelly,amelia_hesketh,rainy,5,control,left,9:21,9:34,4.78,4.7,NA,NA,NA,24,22
03-03-2025,6,best_point,shelby_connelly,amelia_hesketh,rainy,5,control,left,9:21,9:34,4.78,4.7,NA,NA,NA,29,21
03-03-2025,6,best_point,shelby_connelly,amelia_hesketh,rainy,5,control,left,9:21,9:34,4.78,4.7,NA,NA,NA,28,27
03-03-2025,6,best_point,shelby_connelly,amelia_hesketh,rainy,5,removal,center,9:37,9:53,4.68,4.54,NA,NA,NA,17,18
03-03-2025,6,best_point,shelby_connelly,amelia_hesketh,rainy,5,removal,center,9:37,9:53,4.68,4.54,NA,NA,NA,25,22
03-03-2025,6,best_point,shelby_connelly,amelia_hesketh,rainy,5,removal,center,9:37,9:53,4.68,4.54,NA,NA,NA,29,22
03-03-2025,6,best_point,shelby_connelly,amelia_hesketh,rainy,5,removal,center,9:37,9:53,4.68,4.54,NA,NA,NA,23,19
03-03-2025,6,best_point,shelby_connelly,amelia_hesketh,rainy,5,removal,center,9:37,9:53,4.68,4.54,NA,NA,NA,26,20
03-03-2025,6,best_point,shelby_connelly,amelia_hesketh,rainy,5,removal,center,9:37,9:53,4.68,4.54,NA,NA,NA,29,20
03-03-2025,6,best_point,shelby_connelly,amelia_hesketh,rainy,5,removal,center,9:37,9:53,4.68,4.54,NA,NA,NA,25,26
03-03-2025,6,best_point,shelby_connelly,amelia_hesketh,rainy,5,removal,center,9:37,9:53,4.68,4.54,NA,NA,NA,24,22
03-03-2025,6,best_point,shelby_connelly,amelia_hesketh,rainy,5,removal,center,9:37,9:53,4.68,4.54,NA,NA,NA,29,26
03-03-2025,6,best_point,shelby_connelly,amelia_hesketh,rainy,5,removal,center,9:37,9:53,4.68,4.54,NA,NA,NA,35,21
03-03-2025,6,best_point,shelby_connelly,amelia_hesketh,rainy,5,removal,center,9:37,9:53,4.68,4.54,NA,NA,NA,36,21
03-03-2025,6,best_point,shelby_connelly,amelia_hesketh,rainy,5,removal,center,9:37,9:53,4.68,4.54,NA,NA,NA,27,22
03-03-2025,6,best_point,shelby_connelly,amelia_hesketh,rainy,5,removal,center,9:37,9:53,4.68,4.54,NA,NA,NA,24,24
03-03-2025,6,best_point,shelby_connelly,amelia_hesketh,rainy,5,removal,center,9:37,9:53,4.68,4.54,NA,NA,NA,29,26
03-03-2025,6,best_point,shelby_connelly,amelia_hesketh,rainy,5,addition,right,9:56,10:06,4.51,4.41,NA,NA,NA,30,22
03-03-2025,6,best_point,shelby_connelly,amelia_hesketh,rainy,5,addition,right,9:56,10:06,4.51,4.41,NA,NA,NA,21,19
03-03-2025,6,best_point,shelby_connelly,amelia_hesketh,rainy,5,addition,right,9:56,10:06,4.51,4.41,NA,NA,NA,23,27
03-03-2025,6,best_point,shelby_connelly,amelia_hesketh,rainy,5,addition,right,9:56,10:06,4.51,4.41,NA,NA,NA,35,18
03-03-2025,6,best_point,shelby_connelly,amelia_hesketh,rainy,5,addition,right,9:56,10:06,4.51,4.41,NA,NA,NA,20,21
03-03-2025,6,best_point,shelby_connelly,amelia_hesketh,rainy,5,addition,right,9:56,10:06,4.51,4.41,NA,NA,NA,24,20
03-03-2025,6,best_point,shelby_connelly,amelia_hesketh,rainy,5,addition,right,9:56,10:06,4.51,4.41,NA,NA,NA,27,20
03-03-2025,6,best_point,shelby_connelly,amelia_hesketh,rainy,5,addition,right,9:56,10:06,4.51,4.41,NA,NA,NA,27,26
03-03-2025,6,best_point,shelby_connelly,amelia_hesketh,rainy,5,addition,right,9:56,10:06,4.51,4.41,NA,NA,NA,23,22
03-03-2025,6,old_buntzen_power_plant,shelby_connelly,amelia_hesketh,overcast,5,control,left,11:00,11:05,3.9,3.85,NA,NA,NA,21,26
03-03-2025,6,old_buntzen_power_plant,shelby_connelly,amelia_hesketh,overcast,5,addition,center,11:10,11:32,3.8,3.59,NA,NA,NA,26,18
03-03-2025,6,old_buntzen_power_plant,shelby_connelly,amelia_hesketh,overcast,5,addition,center,11:10,11:32,3.8,3.59,NA,NA,NA,22,19
03-03-2025,6,old_buntzen_power_plant,shelby_connelly,amelia_hesketh,overcast,5,addition,center,11:10,11:32,3.8,3.59,NA,NA,NA,28,16
03-03-2025,6,old_buntzen_power_plant,shelby_connelly,amelia_hesketh,overcast,5,addition,center,11:10,11:32,3.8,3.59,NA,NA,NA,20,23
03-03-2025,6,old_buntzen_power_plant,shelby_connelly,amelia_hesketh,overcast,5,addition,center,11:10,11:32,3.8,3.59,NA,NA,NA,24,17
03-03-2025,6,old_buntzen_power_plant,shelby_connelly,amelia_hesketh,overcast,5,addition,center,11:10,11:32,3.8,3.59,NA,NA,NA,22,20
03-03-2025,6,old_buntzen_power_plant,shelby_connelly,amelia_hesketh,overcast,5,addition,center,11:10,11:32,3.8,3.59,NA,NA,NA,22,24
03-03-2025,6,old_buntzen_power_plant,shelby_connelly,amelia_hesketh,overcast,5,addition,center,11:10,11:32,3.8,3.59,NA,NA,NA,24,26
03-03-2025,6,old_buntzen_power_plant,shelby_connelly,amelia_hesketh,overcast,5,addition,center,11:10,11:32,3.8,3.59,NA,NA,NA,26,22
03-03-2025,6,old_buntzen_power_plant,shelby_connelly,amelia_hesketh,overcast,5,addition,center,11:10,11:32,3.8,3.59,NA,NA,NA,17,17
03-03-2025,6,old_buntzen_power_plant,shelby_connelly,amelia_hesketh,overcast,5,addition,center,11:10,11:32,3.8,3.59,NA,NA,NA,31,21
03-03-2025,6,old_buntzen_power_plant,shelby_connelly,amelia_hesketh,overcast,5,addition,center,11:10,11:32,3.8,3.59,NA,NA,NA,21,20
03-03-2025,6,old_buntzen_power_plant,shelby_connelly,amelia_hesketh,overcast,5,addition,center,11:10,11:32,3.8,3.59,NA,NA,NA,20,16
03-03-2025,6,old_buntzen_power_plant,shelby_connelly,amelia_hesketh,overcast,5,addition,center,11:10,11:32,3.8,3.59,NA,NA,NA,18,17
03-03-2025,6,old_buntzen_power_plant,shelby_connelly,amelia_hesketh,overcast,5,addition,center,11:10,11:32,3.8,3.59,NA,NA,NA,24,24
03-03-2025,6,old_buntzen_power_plant,shelby_connelly,amelia_hesketh,overcast,5,addition,center,11:10,11:32,3.8,3.59,NA,NA,NA,19,18
03-03-2025,6,old_buntzen_power_plant,shelby_connelly,amelia_hesketh,overcast,5,addition,center,11:10,11:32,3.8,3.59,NA,NA,NA,27,22
03-03-2025,6,old_buntzen_power_plant,shelby_connelly,amelia_hesketh,overcast,5,addition,center,11:10,11:32,3.8,3.59,NA,NA,NA,20,22
03-03-2025,6,old_buntzen_power_plant,shelby_connelly,amelia_hesketh,overcast,5,addition,center,11:10,11:32,3.8,3.59,NA,NA,NA,25,22
03-03-2025,6,old_buntzen_power_plant,shelby_connelly,amelia_hesketh,overcast,5,addition,center,11:10,11:32,3.8,3.59,NA,NA,NA,23,28
03-03-2025,6,old_buntzen_power_plant,shelby_connelly,amelia_hesketh,overcast,5,addition,center,11:10,11:32,3.8,3.59,NA,NA,NA,24,22
03-03-2025,6,old_buntzen_power_plant,shelby_connelly,amelia_hesketh,overcast,5,addition,center,11:10,11:32,3.8,3.59,NA,NA,NA,23,18
03-03-2025,6,old_buntzen_power_plant,shelby_connelly,amelia_hesketh,overcast,5,addition,center,11:10,11:32,3.8,3.59,NA,NA,NA,16,16
03-03-2025,6,old_buntzen_power_plant,shelby_connelly,amelia_hesketh,overcast,5,addition,center,11:10,11:32,3.8,3.59,NA,NA,NA,16,14
03-03-2025,6,old_buntzen_power_plant,shelby_connelly,amelia_hesketh,overcast,5,addition,center,11:10,11:32,3.8,3.59,NA,NA,NA,20,17
03-03-2025,6,old_buntzen_power_plant,shelby_connelly,amelia_hesketh,overcast,5,addition,center,11:10,11:32,3.8,3.59,NA,NA,NA,22,23
03-03-2025,6,old_buntzen_power_plant,shelby_connelly,amelia_hesketh,overcast,5,removal,right,11:36,11:44,3.55,3.46,NA,NA,NA,18,11
03-03-2025,6,old_buntzen_power_plant,shelby_connelly,amelia_hesketh,overcast,5,removal,right,11:36,11:44,3.55,3.46,NA,NA,NA,21,23
03-03-2025,6,old_buntzen_power_plant,shelby_connelly,amelia_hesketh,overcast,5,removal,right,11:36,11:44,3.55,3.46,NA,NA,NA,25,20
03-03-2025,6,brighton_beach,shelby_connelly,amelia_hesketh,overcast,5,removal,left,13:18,13:28,2.39,2.26,NA,NA,NA,32,27
03-03-2025,6,brighton_beach,shelby_connelly,amelia_hesketh,overcast,5,removal,left,13:18,13:28,2.39,2.26,NA,NA,NA,26,23
03-03-2025,6,brighton_beach,shelby_connelly,amelia_hesketh,overcast,5,removal,left,13:18,13:28,2.39,2.26,NA,NA,NA,25,18
03-03-2025,6,brighton_beach,shelby_connelly,amelia_hesketh,overcast,5,removal,left,13:18,13:28,2.39,2.26,NA,NA,NA,31,20
03-03-2025,6,brighton_beach,shelby_connelly,amelia_hesketh,overcast,5,control,center,13:33,13:41,2.2,2.12,NA,NA,NA,32,25
03-03-2025,6,brighton_beach,shelby_connelly,amelia_hesketh,overcast,5,addition,right,13:43,13:55,2.09,1.96,NA,NA,NA,33,20
03-03-2025,6,brighton_beach,shelby_connelly,amelia_hesketh,overcast,5,addition,right,13:43,13:55,2.09,1.96,NA,NA,NA,24,23
03-03-2025,6,brighton_beach,shelby_connelly,amelia_hesketh,overcast,5,addition,right,13:43,13:55,2.09,1.96,NA,NA,NA,31,24